-- phpMyAdmin SQL Dump
-- version 4.5.1
-- http://www.phpmyadmin.net
--
-- Host: 127.0.0.1
-- Generation Time: May 02, 2018 at 06:32 AM
-- Server version: 10.1.10-MariaDB
-- PHP Version: 7.0.3

SET SQL_MODE = "NO_AUTO_VALUE_ON_ZERO";
SET time_zone = "+00:00";


/*!40101 SET @OLD_CHARACTER_SET_CLIENT=@@CHARACTER_SET_CLIENT */;
/*!40101 SET @OLD_CHARACTER_SET_RESULTS=@@CHARACTER_SET_RESULTS */;
/*!40101 SET @OLD_COLLATION_CONNECTION=@@COLLATION_CONNECTION */;
/*!40101 SET NAMES utf8mb4 */;

--
-- Database: `iassess`
--

-- --------------------------------------------------------

--
-- Table structure for table `tbl_active_revision`
--

CREATE TABLE `tbl_active_revision` (
  `active` smallint(6) NOT NULL
) ENGINE=InnoDB DEFAULT CHARSET=latin1;

--
-- Dumping data for table `tbl_active_revision`
--

INSERT INTO `tbl_active_revision` (`active`) VALUES
(13);

-- --------------------------------------------------------

--
-- Table structure for table `tbl_activity_logs`
--

CREATE TABLE `tbl_activity_logs` (
  `activity_id` int(11) NOT NULL,
  `user_id` int(11) NOT NULL,
  `activity` varchar(256) NOT NULL,
  `act_date` timestamp NOT NULL DEFAULT CURRENT_TIMESTAMP
) ENGINE=InnoDB DEFAULT CHARSET=latin1;

--
-- Dumping data for table `tbl_activity_logs`
--

INSERT INTO `tbl_activity_logs` (`activity_id`, `user_id`, `activity`, `act_date`) VALUES
(1, 10, 'logged out', '2017-09-30 16:05:15'),
(2, 1, 'logged in', '2017-09-30 16:05:38'),
(3, 1, 'logged out', '2017-09-30 16:37:33'),
(4, 1, 'logged in', '2017-09-30 16:41:41'),
(5, 1, 'logged in', '2017-09-30 16:50:39'),
(6, 1, 'logged in', '2017-09-30 22:23:12'),
(7, 1, 'logged out', '2017-09-30 22:24:17'),
(8, 1, 'logged in', '2017-09-30 22:24:45'),
(9, 1, 'logged out', '2017-09-30 22:34:55'),
(10, 1, 'logged in', '2017-09-30 22:41:16'),
(11, 1, 'logged out', '2017-09-30 22:47:27'),
(12, 1, 'logged in', '2017-09-30 22:55:35'),
(13, 1, 'logged in', '2017-09-30 23:02:36'),
(14, 1, 'logged out', '2017-10-01 00:56:29'),
(15, 1, 'logged in', '2017-10-01 00:58:01'),
(16, 1, 'logged out', '2017-10-01 00:59:44'),
(17, 1, 'logged in', '2017-10-01 01:35:14'),
(18, 1, 'logged out', '2017-10-01 02:14:06'),
(19, 1, 'logged in', '2017-10-01 02:16:26'),
(20, 1, 'logged out', '2017-10-01 02:19:28'),
(21, 1, 'logged in', '2017-10-01 02:19:46'),
(22, 1, 'logged out', '2017-10-01 02:25:41'),
(23, 1, 'logged out', '2017-10-01 02:57:58'),
(24, 2, 'logged in', '2017-10-01 02:58:09'),
(25, 1, 'logged in', '2017-10-01 03:09:33'),
(26, 1, 'logged out', '2017-10-01 03:11:06'),
(27, 2, 'logged in', '2017-10-01 03:11:37'),
(28, 2, 'logged out', '2017-10-01 03:14:24'),
(29, 2, 'logged in', '2017-10-01 03:18:07'),
(30, 2, 'logged out', '2017-10-01 03:18:43'),
(31, 2, 'logged out', '2017-10-01 03:22:36'),
(32, 2, 'logged in', '2017-10-01 03:35:56'),
(33, 2, 'logged out', '2017-10-01 04:03:37'),
(34, 1, 'logged in', '2017-10-01 04:03:45'),
(35, 1, 'logged out', '2017-10-01 04:12:03'),
(36, 1, 'logged in', '2017-10-01 04:12:13'),
(37, 1, 'logged out', '2017-10-01 05:04:06'),
(38, 1, 'logged in', '2017-10-01 05:04:12'),
(39, 1, 'logged out', '2017-10-01 05:04:37'),
(40, 1, 'logged in', '2017-10-01 05:04:43'),
(41, 2, 'logged in', '2017-10-01 05:26:34'),
(42, 1, 'deactivated user:joy.joy', '2017-10-01 05:26:41'),
(43, 2, 'logged out', '2017-10-01 05:30:25'),
(44, 2, 'logged in', '2017-10-01 05:31:37'),
(45, 2, 'logged out', '2017-10-01 05:31:57'),
(46, 1, 'logged out', '2017-10-01 07:03:43'),
(47, 1, 'logged in', '2017-10-01 07:06:17'),
(48, 1, 'logged out', '2017-10-01 07:08:19'),
(49, -1, 'logged in', '2017-10-01 07:08:26'),
(50, -1, 'logged out', '2017-10-01 07:08:47'),
(51, 0, 'logged in', '2017-10-01 07:09:06'),
(52, 0, 'logged out', '2017-10-01 07:17:18'),
(53, 0, 'logged in', '2017-10-01 07:19:04'),
(54, 0, 'logged out', '2017-10-01 07:20:38'),
(55, 2, 'logged in', '2017-10-01 08:59:16'),
(56, 2, 'logged out', '2017-10-01 09:03:03'),
(57, 2, 'logged in', '2017-10-01 09:03:33'),
(58, 2, 'logged out', '2017-10-01 09:09:04'),
(59, 2, 'logged in', '2017-10-01 09:23:13'),
(60, 2, 'logged in', '2017-10-01 09:58:08'),
(61, 2, 'logged out', '2017-10-01 09:59:03'),
(62, 2, 'logged out', '2017-10-01 10:10:43'),
(63, 2, 'logged in', '2017-10-01 10:29:43'),
(64, 2, 'logged out', '2017-10-01 10:35:22'),
(65, 2, 'logged in', '2017-10-01 10:39:42'),
(66, 2, 'logged out', '2017-10-01 10:50:24'),
(67, -1, 'logged in', '2017-10-01 10:55:51'),
(68, 2, 'logged in', '2017-10-01 11:30:49'),
(69, 2, 'logged out', '2017-10-01 11:34:58'),
(70, 1, 'logged in', '2017-10-01 11:50:32'),
(71, 1, 'logged out', '2017-10-01 11:51:36'),
(72, 1, 'logged in', '2017-10-01 11:51:56'),
(73, 1, 'logged out', '2017-10-01 11:52:54'),
(74, 2, 'logged in', '2017-10-01 11:53:17'),
(75, -1, 'Added new land property', '2017-10-01 12:23:51'),
(76, 2, 'logged in', '2017-10-01 12:25:58'),
(77, 2, 'logged out', '2017-10-01 13:16:51'),
(78, -1, 'logged in', '2017-10-01 13:19:25'),
(79, -1, 'logged out', '2017-10-01 13:21:22'),
(80, 1, 'logged in', '2017-10-01 13:21:29'),
(81, 1, 'logged out', '2017-10-01 13:22:10'),
(82, 2, 'logged in', '2017-10-01 13:23:06'),
(83, 2, 'logged out', '2017-10-01 13:25:39'),
(84, 2, 'logged out', '2017-10-01 13:25:39'),
(85, 2, 'logged out', '2017-10-01 13:25:40'),
(86, 1, 'logged in', '2017-10-01 13:26:52'),
(87, 1, 'logged out', '2017-10-01 13:44:26'),
(88, -1, 'logged out', '2017-10-01 14:07:19'),
(89, 1, 'logged in', '2017-10-01 14:07:28'),
(90, 1, 'logged in', '2017-10-01 22:12:55'),
(91, 1, 'logged in', '2017-10-01 22:14:14'),
(92, 2, 'logged in', '2017-10-01 22:26:57'),
(93, 1, 'Added new land property', '2017-10-01 22:28:48'),
(94, 1, 'logged out', '2017-10-01 22:30:03'),
(95, 10, 'logged in', '2017-10-01 22:30:21'),
(96, 10, 'logged out', '2017-10-01 22:32:19'),
(97, 2, 'logged out', '2017-10-01 22:32:37'),
(98, 10, 'logged in', '2017-10-01 22:33:34'),
(99, 10, 'logged in', '2017-10-01 22:39:07'),
(100, 10, 'logged out', '2017-10-01 22:39:57'),
(101, 10, 'logged out', '2017-10-01 22:43:27'),
(102, 10, 'logged in', '2017-10-01 22:43:47'),
(103, 10, 'logged out', '2017-10-01 22:43:50'),
(104, 1, 'logged out', '2017-10-01 22:54:07'),
(105, 10, 'logged in', '2017-10-01 22:54:28'),
(106, 10, 'logged out', '2017-10-01 22:58:13'),
(107, 1, 'logged in', '2017-10-02 04:23:04'),
(108, 1, 'logged out', '2017-10-02 04:23:55'),
(109, 10, 'logged in', '2017-10-02 04:30:02'),
(110, 1, 'logged in', '2017-10-02 04:30:43'),
(111, 1, 'logged out', '2017-10-02 04:31:00'),
(112, 10, 'logged out', '2017-10-02 04:31:14'),
(113, 8, 'logged in', '2017-10-02 13:21:52'),
(114, 8, 'logged out', '2017-10-02 13:22:37'),
(115, 1, 'logged in', '2017-10-02 13:24:26'),
(116, 1, 'logged out', '2017-10-02 13:26:15'),
(117, 0, 'logged in', '2017-10-02 13:26:25'),
(118, 0, 'logged out', '2017-10-02 13:27:52'),
(119, 10, 'logged in', '2017-10-02 13:28:30'),
(120, 10, 'logged out', '2017-10-02 13:29:19'),
(121, 1, 'logged in', '2017-10-02 13:29:39'),
(122, 1, 'Added new land property', '2017-10-02 14:00:52'),
(123, 1, 'logged in', '2017-10-02 14:07:00'),
(124, 1, 'Added new land property', '2017-10-02 14:33:25'),
(125, 1, 'logged out', '2017-10-02 14:33:40'),
(126, 14, 'logged in', '2017-10-02 14:34:27'),
(127, 12, 'logged in', '2017-10-02 21:02:10'),
(128, 12, 'logged out', '2017-10-02 21:02:31'),
(129, 14, 'logged in', '2017-10-02 21:04:12'),
(130, 14, 'logged out', '2017-10-02 21:04:35'),
(131, 12, 'logged in', '2017-10-02 21:04:47'),
(132, 12, 'logged out', '2017-10-02 21:05:02'),
(133, 10, 'logged in', '2017-10-02 21:05:07'),
(134, 10, 'logged out', '2017-10-02 21:06:09'),
(135, 1, 'logged in', '2017-10-02 21:06:15'),
(136, 1, 'logged in', '2017-10-03 01:14:04'),
(137, 1, 'logged out', '2017-10-03 01:17:36'),
(138, 1, 'logged in', '2017-10-03 01:20:23'),
(139, 1, 'logged out', '2017-10-03 01:20:52'),
(140, 1, 'logged in', '2017-10-03 02:11:08'),
(141, 1, 'logged out', '2017-10-03 02:15:00'),
(142, 1, 'logged in', '2017-10-03 02:15:38'),
(143, 1, 'logged out', '2017-10-03 02:17:24'),
(144, 1, 'logged in', '2017-10-03 02:18:47'),
(145, 1, 'Added new land property', '2017-10-03 02:25:43'),
(146, 1, 'logged out', '2017-10-03 02:31:16'),
(147, 17, 'logged in', '2017-10-03 02:38:39'),
(148, 17, 'logged in', '2017-10-03 02:38:57'),
(149, 17, 'logged out', '2017-10-03 02:41:29'),
(150, 1, 'logged in', '2017-10-03 02:41:42'),
(151, 1, 'logged out', '2017-10-03 02:45:52'),
(152, 0, 'logged in', '2017-10-03 02:46:08'),
(153, 0, 'logged out', '2017-10-03 02:49:01'),
(154, 1, 'logged in', '2017-10-03 02:49:07'),
(155, 1, 'deactivated user:Windie.Velarde', '2017-10-03 02:50:47'),
(156, 1, 'logged out', '2017-10-03 02:52:22'),
(157, -1, 'logged in', '2017-10-03 02:52:27'),
(158, -1, 'logged out', '2017-10-03 02:53:46'),
(159, 1, 'logged in', '2017-10-03 02:53:54'),
(160, 17, 'logged out', '2017-10-03 02:54:54'),
(161, 1, 'logged out', '2017-10-03 02:56:22'),
(162, 1, 'logged in', '2017-10-03 02:56:35'),
(163, 1, 'logged out', '2017-10-03 02:58:17'),
(164, 1, 'logged in', '2017-10-03 03:11:49'),
(165, 1, 'logged in', '2017-10-12 22:20:16'),
(166, 1, 'logged in', '2017-10-21 12:11:13'),
(167, 1, 'Added new user', '2017-10-21 12:49:52'),
(168, 1, 'activated user:Windie.Velarde', '2017-10-21 14:04:02'),
(169, 1, 'Change role', '2017-10-21 14:37:51'),
(170, 1, 'Change role', '2017-10-21 14:39:28'),
(171, 1, 'Change role', '2017-10-21 14:40:37'),
(172, 1, 'Change role', '2017-10-21 14:44:56'),
(173, 1, 'Change role', '2017-10-21 14:45:30'),
(174, 1, 'Change role', '2017-10-21 14:46:47'),
(175, 1, 'Change role', '2017-10-21 14:47:12'),
(176, 1, 'logged in', '2017-10-22 13:00:22'),
(177, 1, 'Change role', '2017-10-22 13:38:19'),
(178, 1, 'Change role', '2017-10-22 13:38:35'),
(179, 1, 'Added new land property', '2017-10-22 14:21:12'),
(180, 1, 'logged in', '2017-10-23 12:58:02'),
(181, 1, 'logged in', '2017-10-26 23:14:54'),
(182, 1, 'logged out', '2017-10-26 23:24:25'),
(183, 1, 'logged in', '2017-10-31 12:10:45'),
(184, 1, 'logged in', '2017-11-25 11:50:08'),
(185, 1, 'logged in', '2017-11-25 13:10:06'),
(186, 1, 'logged in', '2017-11-25 14:11:56'),
(187, 1, 'logged out', '2017-11-25 14:12:20'),
(188, 2, 'logged in', '2017-11-25 14:13:21'),
(189, 2, 'logged out', '2017-11-25 14:20:57'),
(190, 1, 'logged in', '2017-11-25 14:21:15'),
(191, 1, 'Change role', '2017-11-25 14:22:52'),
(192, 1, 'logged out', '2017-11-25 14:25:57'),
(193, 1, 'Added new land property', '2017-11-25 14:31:26'),
(194, 1, 'Added new land property', '2017-11-25 14:40:31'),
(195, 1, 'logged out', '2017-11-25 14:52:06'),
(196, 2, 'logged in', '2017-11-25 14:52:50'),
(197, 2, 'logged out', '2017-11-25 14:57:37'),
(198, 1, 'logged in', '2017-11-25 14:57:50'),
(199, 1, 'logged in', '2017-11-25 23:14:09'),
(200, 1, 'logged out', '2017-11-25 23:19:45'),
(201, 1, 'logged in', '2017-11-25 23:31:44'),
(202, 1, 'logged out', '2017-11-26 00:33:34'),
(203, 1, 'logged in', '2017-11-26 00:37:54'),
(204, 1, 'logged out', '2017-11-26 01:01:56'),
(205, 2, 'logged in', '2017-11-26 02:44:20'),
(206, 2, 'logged out', '2017-11-26 03:09:50'),
(207, 1, 'logged in', '2017-11-30 08:11:03'),
(208, 1, 'logged in', '2017-12-03 15:13:56'),
(209, 1, 'logged out', '2017-12-03 15:24:49'),
(210, 1, 'logged in', '2017-12-04 13:13:06'),
(211, 1, 'logged out', '2017-12-04 14:12:23'),
(212, 0, 'logged in', '2017-12-04 14:12:46'),
(213, 0, 'logged out', '2017-12-04 14:13:31'),
(214, 2, 'logged in', '2017-12-04 14:15:08'),
(215, 2, 'logged out', '2017-12-04 14:16:59'),
(216, 1, 'logged in', '2017-12-09 11:03:15'),
(217, 0, 'logged in', '2017-12-09 13:41:29'),
(218, 1, 'logged in', '2017-12-09 13:43:00'),
(219, 1, 'logged in', '2017-12-09 20:01:49'),
(220, 1, 'logged out', '2017-12-09 20:02:00'),
(221, 0, 'logged in', '2017-12-09 20:02:09'),
(222, 0, 'logged in', '2017-12-09 23:25:17'),
(223, 0, 'logged in', '2017-12-10 08:56:21'),
(224, 0, 'logged in', '2017-12-10 14:39:36'),
(225, 0, 'logged in', '2017-12-11 02:35:37'),
(226, 0, 'logged in', '2017-12-11 11:53:43'),
(227, 0, 'logged out', '2017-12-11 13:06:17'),
(228, 17, 'logged in', '2017-12-11 13:10:30'),
(229, 17, 'logged out', '2017-12-11 14:17:13'),
(230, 18, 'logged in', '2017-12-11 14:17:28'),
(231, 0, 'logged in', '2017-12-11 14:27:53'),
(232, 18, 'logged out', '2017-12-11 15:18:04'),
(233, 0, 'logged in', '2017-12-12 12:44:35'),
(234, 0, 'logged out', '2017-12-12 12:46:31'),
(235, 17, 'logged in', '2017-12-12 12:46:55'),
(236, 17, 'logged out', '2017-12-12 12:49:26'),
(237, 1, 'logged in', '2017-12-12 12:49:33'),
(238, 1, 'logged out', '2017-12-12 14:28:57'),
(239, 17, 'logged in', '2017-12-12 14:29:08'),
(240, 17, 'logged out', '2017-12-12 14:29:57'),
(241, 0, 'logged in', '2017-12-12 14:30:09'),
(242, 0, 'logged out', '2017-12-12 14:34:52'),
(243, 17, 'logged in', '2017-12-12 15:39:19'),
(244, 17, 'logged out', '2017-12-12 15:45:40'),
(245, 17, 'logged in', '2017-12-12 15:52:42'),
(246, 17, 'logged out', '2017-12-12 15:52:56'),
(247, 1, 'logged in', '2017-12-12 16:02:02'),
(248, 1, 'logged in', '2017-12-13 13:02:33'),
(249, 1, 'logged out', '2017-12-13 14:07:57'),
(250, -1, 'logged in', '2017-12-13 14:08:08'),
(251, -1, 'logged out', '2017-12-13 14:10:46'),
(252, -1, 'logged in', '2017-12-13 14:10:56'),
(253, -1, 'logged out', '2017-12-13 14:11:45'),
(254, 0, 'logged in', '2017-12-15 02:11:27'),
(255, 0, 'logged out', '2017-12-15 02:14:27'),
(256, 17, 'logged in', '2017-12-15 02:23:33'),
(257, 17, 'logged out', '2017-12-15 04:06:56'),
(258, 12, 'logged in', '2017-12-15 04:07:10'),
(259, 0, 'logged in', '2017-12-15 04:26:47'),
(260, 12, 'logged out', '2017-12-15 06:13:42'),
(261, 12, 'logged in', '2017-12-15 06:13:56'),
(262, 12, 'logged out', '2017-12-15 06:14:58'),
(263, 18, 'logged in', '2017-12-15 06:15:10'),
(264, 18, 'logged out', '2017-12-15 06:22:51'),
(265, 0, 'logged in', '2017-12-15 06:23:05'),
(266, 0, 'logged out', '2017-12-15 06:46:35'),
(267, 2, 'logged in', '2017-12-15 06:46:46'),
(268, 0, 'logged in', '2017-12-15 06:53:18'),
(269, 2, 'logged out', '2017-12-15 08:14:25'),
(270, 0, 'logged in', '2017-12-15 08:14:42'),
(271, 0, 'logged out', '2017-12-15 09:20:17'),
(272, 1, 'logged in', '2017-12-15 09:20:29'),
(273, 0, 'logged in', '2017-12-15 11:57:55'),
(274, 0, 'logged out', '2017-12-15 12:00:53'),
(275, 1, 'logged in', '2017-12-15 12:01:03'),
(276, 1, 'logged in', '2017-12-15 13:04:03'),
(277, 1, 'logged in', '2017-12-15 13:15:22'),
(278, 1, 'logged in', '2017-12-15 13:20:18'),
(279, 17, 'logged in', '2017-12-17 07:00:16'),
(280, 17, 'logged out', '2017-12-17 07:01:33'),
(281, 1, 'logged in', '2017-12-17 21:31:34'),
(282, 1, 'logged in', '2017-12-17 21:39:27'),
(283, 1, 'logged in', '2017-12-17 21:44:53'),
(284, 1, 'logged in', '2017-12-17 21:55:25'),
(285, 1, 'logged in', '2017-12-18 03:56:44'),
(286, 1, 'logged out', '2017-12-18 03:59:31'),
(287, 1, 'logged in', '2017-12-18 05:03:19'),
(288, 1, 'logged in', '2017-12-18 05:08:59'),
(289, 12, 'logged in', '2017-12-18 05:32:09'),
(290, 12, 'logged out', '2017-12-18 05:33:37'),
(291, 0, 'logged in', '2017-12-18 05:33:47'),
(292, 0, 'logged out', '2017-12-18 05:35:54'),
(293, 1, 'logged in', '2017-12-18 05:35:59'),
(294, 1, 'logged out', '2017-12-18 05:38:50'),
(295, 1, 'logged in', '2017-12-18 07:29:40'),
(296, 1, 'logged in', '2017-12-18 11:22:15'),
(297, 1, 'logged in', '2017-12-18 11:22:37'),
(298, 12, 'logged in', '2017-12-18 13:34:54'),
(299, 12, 'logged out', '2017-12-18 13:43:23'),
(300, 12, 'logged in', '2017-12-18 13:43:54'),
(301, 12, 'logged out', '2017-12-18 13:43:59'),
(302, 1, 'logged in', '2017-12-18 13:44:12'),
(303, 1, 'logged out', '2017-12-18 13:49:00'),
(304, 0, 'logged in', '2017-12-18 13:49:36'),
(305, 0, 'logged out', '2017-12-18 14:30:58'),
(306, 12, 'logged in', '2017-12-18 14:31:33'),
(307, 12, 'logged out', '2017-12-18 14:43:28'),
(308, 12, 'logged in', '2017-12-18 14:43:47'),
(309, 1, 'logged in', '2017-12-18 19:58:12'),
(310, 1, 'logged out', '2017-12-18 23:34:49'),
(311, 1, 'logged in', '2017-12-18 23:46:14'),
(312, 0, 'logged in', '2017-12-19 00:39:01'),
(313, 0, 'logged out', '2017-12-19 01:26:11'),
(314, 1, 'logged in', '2017-12-19 01:26:27'),
(315, 1, 'logged out', '2017-12-19 01:27:27'),
(316, 12, 'logged in', '2017-12-19 01:27:46'),
(317, 1, 'logged in', '2017-12-19 06:59:05'),
(318, 1, 'logged out', '2017-12-19 07:06:46'),
(319, 2, 'logged in', '2017-12-19 07:07:04'),
(320, 1, 'logged in', '2017-12-19 07:09:42'),
(321, 2, 'logged out', '2017-12-19 08:13:08'),
(322, 12, 'logged in', '2017-12-19 08:14:22'),
(323, 12, 'logged out', '2017-12-19 08:20:42'),
(324, 0, 'logged in', '2017-12-19 08:21:01'),
(325, 0, 'logged out', '2017-12-19 08:22:23'),
(326, 1, 'logged in', '2017-12-19 12:58:11'),
(327, 17, 'logged in', '2017-12-20 02:12:27'),
(328, 1, 'logged in', '2017-12-20 02:37:17'),
(329, 17, 'logged out', '2017-12-20 02:37:27'),
(330, 0, 'logged in', '2017-12-20 02:37:59'),
(331, 0, 'logged out', '2017-12-20 02:48:04'),
(332, 12, 'logged in', '2017-12-20 02:57:03'),
(333, 12, 'logged in', '2017-12-20 02:57:35'),
(334, 12, 'logged out', '2017-12-20 03:00:33'),
(335, 0, 'logged in', '2017-12-20 03:00:49'),
(336, 0, 'logged out', '2017-12-20 03:05:08'),
(337, 1, 'logged in', '2017-12-20 03:05:29'),
(338, 1, 'logged out', '2017-12-20 03:07:26'),
(339, 17, 'logged in', '2017-12-20 03:08:56'),
(340, 17, 'logged out', '2017-12-20 03:09:19'),
(341, 1, 'logged in', '2017-12-20 03:09:27'),
(342, 1, 'logged out', '2017-12-20 03:20:43'),
(343, 17, 'logged in', '2017-12-20 03:28:50'),
(344, 17, 'logged in', '2017-12-24 13:31:11'),
(345, 17, 'logged out', '2017-12-24 13:53:21'),
(346, 17, 'logged in', '2017-12-24 13:53:32'),
(347, 17, 'logged in', '2017-12-24 13:56:38'),
(348, 17, 'logged in', '2017-12-24 14:02:07'),
(349, 17, 'logged out', '2017-12-24 14:03:26'),
(350, 0, 'logged in', '2017-12-24 14:03:40'),
(351, 0, 'logged out', '2017-12-24 14:08:58'),
(352, 17, 'logged out', '2017-12-24 14:09:24'),
(353, 1, 'logged in', '2017-12-24 14:09:39'),
(354, 17, 'logged in', '2018-01-01 12:13:02'),
(355, 17, 'logged out', '2018-01-01 12:13:40'),
(356, 1, 'logged in', '2018-01-01 12:13:55'),
(357, 1, 'logged in', '2018-01-01 12:39:32'),
(358, 1, 'logged out', '2018-01-01 12:53:10'),
(359, 1, 'logged in', '2018-01-01 12:55:49'),
(360, 1, 'logged in', '2018-01-02 13:47:26'),
(361, 17, 'logged in', '2018-01-03 14:00:44'),
(362, 17, 'logged out', '2018-01-03 14:06:39'),
(363, 0, 'logged in', '2018-01-03 14:06:51'),
(364, 17, 'logged in', '2018-01-04 12:51:06'),
(365, 17, 'logged out', '2018-01-04 12:53:13'),
(366, 0, 'logged in', '2018-01-04 12:53:26'),
(367, 0, 'logged in', '2018-02-04 13:19:28'),
(368, 0, 'logged out', '2018-01-04 13:45:15'),
(369, 1, 'logged in', '2018-01-04 13:45:28'),
(370, 1, 'logged out', '2018-01-04 14:19:12'),
(371, 1, 'logged in', '2018-01-04 14:19:24'),
(372, 1, 'logged in', '2018-01-06 13:37:37'),
(373, 1, 'logged out', '2018-01-06 13:41:10'),
(374, 1, 'logged in', '2018-01-06 13:41:20'),
(375, 1, 'logged in', '2018-01-06 14:09:44'),
(376, 1, 'logged out', '2018-01-06 14:57:29'),
(377, 1, 'logged in', '2018-01-06 14:57:41'),
(378, 1, 'logged out', '2018-01-06 15:03:06'),
(379, 1, 'logged in', '2018-01-06 15:03:18'),
(380, 1, 'logged out', '2018-01-06 15:05:20'),
(381, 1, 'logged in', '2018-01-06 15:05:32'),
(382, 1, 'logged out', '2018-01-06 16:28:19'),
(383, 0, 'logged in', '2018-01-06 16:28:30'),
(384, 1, 'logged in', '2018-01-07 04:06:38'),
(385, 1, 'logged out', '2018-01-07 04:20:24'),
(386, 0, 'logged in', '2018-01-07 04:20:33'),
(387, 0, 'logged in', '2018-02-07 04:25:04'),
(388, 0, 'logged in', '2018-12-07 04:33:28'),
(389, 0, 'logged out', '2018-12-07 04:34:06'),
(390, 0, 'logged in', '2019-01-07 04:34:55'),
(391, 0, 'logged in', '2019-01-07 07:29:43'),
(392, 0, 'logged in', '2019-04-07 07:37:46'),
(393, 0, 'logged out', '2018-01-07 09:14:28'),
(394, 17, 'logged in', '2018-01-07 09:14:37'),
(395, 0, 'logged in', '2018-01-07 12:32:25'),
(396, 0, 'logged out', '2018-01-07 13:31:05'),
(397, 17, 'logged in', '2018-01-09 20:14:51'),
(398, 17, 'logged out', '2018-01-09 20:17:17'),
(399, 1, 'logged in', '2018-01-09 20:17:29'),
(400, 1, 'logged out', '2018-01-09 20:29:50'),
(401, 0, 'logged in', '2018-01-09 20:30:01'),
(402, 0, 'logged out', '2018-01-09 21:06:00'),
(403, 0, 'logged in', '2018-01-11 12:48:49'),
(404, 0, 'logged out', '2018-01-11 12:50:30'),
(405, 1, 'logged in', '2018-01-11 12:50:40'),
(406, 1, 'logged out', '2018-01-11 13:40:53'),
(407, 0, 'logged in', '2018-01-11 13:41:04'),
(408, 0, 'logged out', '2018-01-11 14:11:46'),
(409, 17, 'logged in', '2018-01-11 14:11:54'),
(410, 17, 'logged out', '2018-01-11 14:57:21'),
(411, 1, 'logged in', '2018-01-11 14:57:33'),
(412, 1, 'logged out', '2018-01-11 15:00:27'),
(413, 1, 'logged in', '2018-01-14 15:42:31'),
(414, 1, 'logged in', '2018-01-15 01:11:01'),
(415, 1, 'logged out', '2018-01-15 02:21:47'),
(416, 1, 'logged in', '2018-01-15 02:23:47'),
(417, 1, 'logged out', '2018-01-15 02:24:49'),
(418, 0, 'logged in', '2018-01-15 02:25:09'),
(419, 0, 'logged out', '2018-01-15 03:16:09'),
(420, 17, 'logged in', '2018-01-15 03:16:41'),
(421, 1, 'logged in', '2018-01-15 07:14:18'),
(422, 1, 'logged out', '2018-01-15 07:19:37'),
(423, 1, 'logged in', '2018-01-15 14:00:46'),
(424, 1, 'logged in', '2018-01-17 02:49:28'),
(425, 1, 'logged out', '2018-01-17 03:02:02'),
(426, 1, 'logged in', '2018-01-17 03:02:59'),
(427, 1, 'logged in', '2018-01-17 03:07:05'),
(428, 1, 'logged out', '2018-01-17 03:11:36'),
(429, 17, 'logged in', '2018-01-17 03:11:57'),
(430, 17, 'logged out', '2018-01-17 03:12:53'),
(431, 1, 'logged in', '2018-01-17 06:08:21'),
(432, 1, 'logged out', '2018-01-17 06:22:59'),
(433, 1, 'logged in', '2018-01-19 22:40:04'),
(434, 1, 'logged in', '2018-01-19 23:37:12'),
(435, 1, 'logged out', '2018-01-19 23:38:41'),
(436, 17, 'logged in', '2018-01-19 23:38:50'),
(437, 17, 'logged out', '2018-01-19 23:44:45'),
(438, 0, 'logged in', '2018-01-19 23:45:09'),
(439, 1, 'logged in', '2018-01-19 23:48:15'),
(440, 0, 'logged out', '2018-01-20 00:25:42'),
(441, 1, 'logged in', '2018-01-20 00:29:11'),
(442, 1, 'logged out', '2018-01-20 02:49:21'),
(443, 0, 'logged in', '2018-01-20 02:49:38'),
(444, 0, 'logged out', '2018-01-20 02:49:59'),
(445, 17, 'logged in', '2018-01-20 02:50:08'),
(446, 17, 'logged out', '2018-01-20 02:50:20'),
(447, 1, 'logged in', '2018-01-20 02:50:34'),
(448, 1, 'logged out', '2018-01-20 03:30:56'),
(449, 1, 'logged in', '2018-01-20 03:31:15'),
(450, 1, 'logged out', '2018-01-20 03:46:57'),
(451, 1, 'logged in', '2018-01-20 06:40:26'),
(452, 1, 'logged out', '2018-01-20 06:43:53'),
(453, 0, 'logged in', '2018-01-20 06:44:18'),
(454, 0, 'logged in', '2018-04-01 07:06:03'),
(455, 0, 'logged in', '2019-04-01 07:10:42'),
(456, 0, 'logged out', '2019-04-01 07:10:58'),
(457, 1, 'logged in', '2019-04-01 07:11:07'),
(458, 1, 'logged out', '2019-04-01 07:11:28'),
(459, 0, 'logged in', '2019-04-01 07:11:37'),
(460, 0, 'logged out', '2019-01-01 07:12:39'),
(461, 1, 'logged in', '2019-01-01 07:12:47'),
(462, 1, 'logged out', '2019-01-01 07:12:58'),
(463, 0, 'logged in', '2019-01-01 07:13:06'),
(464, 12, 'logged in', '2018-01-20 07:16:58'),
(465, 0, 'logged in', '2019-04-01 07:27:59'),
(466, 0, 'logged out', '2019-04-01 07:39:06'),
(467, 17, 'logged in', '2019-04-01 07:39:23'),
(468, 17, 'logged out', '2019-04-01 07:43:16'),
(469, 0, 'logged in', '2019-04-01 07:43:24'),
(470, 0, 'logged in', '2019-04-05 12:38:08'),
(471, 0, 'logged in', '2019-04-05 12:57:08'),
(472, 12, 'logged in', '2019-04-05 12:59:12'),
(473, 0, 'logged out', '2019-04-05 13:32:07'),
(474, 1, 'logged in', '2019-01-05 13:32:24'),
(475, 1, 'logged out', '2019-04-05 13:40:11'),
(476, 0, 'logged in', '2019-04-05 13:40:21'),
(477, 12, 'logged out', '2019-04-05 14:00:33'),
(478, 0, 'logged in', '2019-04-05 14:04:47'),
(479, 0, 'logged out', '2019-04-05 14:05:34'),
(480, 0, 'logged out', '2018-01-26 06:02:34'),
(481, 0, 'logged in', '2018-01-26 06:02:46'),
(482, 0, 'logged out', '2018-01-26 06:45:38'),
(483, 12, 'logged in', '2018-01-26 06:45:49'),
(484, 12, 'logged in', '2018-02-26 06:58:18'),
(485, 12, 'logged in', '2018-03-28 07:21:35'),
(486, 12, 'logged out', '2018-03-28 07:44:33'),
(487, 0, 'logged in', '2018-03-28 07:44:43'),
(488, 12, 'logged in', '2018-03-28 07:45:44'),
(489, 12, 'logged out', '2018-03-28 07:54:36'),
(490, 17, 'logged in', '2018-03-28 07:54:46'),
(491, 17, 'logged out', '2018-03-28 07:55:54'),
(492, 12, 'logged in', '2018-03-28 07:56:04'),
(493, 12, 'logged out', '2018-01-28 08:27:52'),
(494, 17, 'logged in', '2018-01-28 08:28:02'),
(495, 17, 'logged out', '2018-01-28 08:39:28'),
(496, 12, 'logged in', '2018-01-28 08:39:37'),
(497, 12, 'logged in', '2018-04-28 09:31:42'),
(498, 0, 'logged in', '2018-04-28 09:44:14'),
(499, 0, 'logged in', '2018-03-30 22:31:19'),
(500, 0, 'logged in', '2018-03-31 05:30:39'),
(501, 0, 'logged out', '2018-03-31 07:10:09'),
(502, 0, 'logged in', '2018-03-31 07:11:18'),
(503, 12, 'logged in', '2018-03-31 07:16:41'),
(504, 0, 'logged in', '2018-04-01 02:18:38'),
(505, 0, 'logged in', '2018-04-03 02:41:30'),
(506, 1, 'logged in', '2018-03-31 03:05:02'),
(507, 1, 'logged out', '2018-03-31 04:13:42'),
(508, 0, 'logged in', '2018-03-31 04:13:50'),
(509, 12, 'logged in', '2018-03-31 04:15:46'),
(510, 0, 'logged out', '2018-03-31 04:22:38'),
(511, 1, 'logged in', '2018-03-31 04:22:49'),
(512, 1, 'Changed role', '2018-03-31 04:48:59'),
(513, 1, 'Changed role', '2018-03-31 04:49:12'),
(514, 1, 'Viewed Assessment Roll', '2018-03-31 04:59:27'),
(515, 1, 'Viewed Assessment Roll', '2018-03-31 04:59:43'),
(516, 1, 'Updated Market Value for residential', '2018-03-31 05:20:47'),
(517, 1, 'Updated Market Value for residential', '2018-03-31 05:23:34'),
(518, 1, 'Updated Market Value for residential', '2018-03-31 05:23:54'),
(519, 1, 'Updated Market Value for Coconut Land(agri)', '2018-03-31 05:29:59'),
(520, 1, 'Deleted Feedback', '2018-03-31 05:31:16'),
(521, 1, 'logged out', '2018-03-31 06:17:06'),
(522, 12, 'logged out', '2018-03-31 06:17:27'),
(523, 1, 'logged in', '2018-03-31 06:17:40'),
(524, 0, 'logged in', '2018-03-31 08:35:28'),
(525, 0, 'logged in', '2018-04-01 08:55:50'),
(526, 0, 'logged in', '2018-04-02 08:59:41'),
(527, 0, 'logged in', '2018-05-01 09:00:24'),
(528, 0, 'logged out', '2018-03-31 09:06:19'),
(529, 0, 'logged in', '2018-03-31 09:06:26'),
(530, 0, 'logged in', '2018-04-01 09:09:14'),
(531, 0, 'Accepted tax payment with PIN: 889-78-089-09-099', '2018-03-31 09:15:51'),
(532, 0, 'logged out', '2018-03-31 09:15:58'),
(533, 1, 'logged in', '2018-03-31 09:16:05'),
(534, 1, 'Updated Site Details', '2018-03-31 09:30:05'),
(535, 1, 'Updated Discount Percentage', '2018-03-31 09:32:16'),
(536, 1, 'Viewed Quarterly Report', '2018-03-31 09:36:28'),
(537, 1, 'Viewed Quarterly Report', '2018-03-31 09:41:00'),
(538, 1, 'Viewed Quarterly Report', '2018-03-31 09:41:18'),
(539, 1, 'Viewed Quarterly Report', '2018-03-31 09:41:37'),
(540, 1, 'Viewed Quarterly Report', '2018-03-31 09:41:48'),
(541, 1, 'Viewed Quarterly Report', '2018-03-31 09:41:59'),
(542, 1, 'Viewed Quarterly Report', '2018-03-31 09:42:13'),
(543, 1, 'logged out', '2018-03-31 09:43:01'),
(544, 1, 'logged in', '2018-01-29 06:39:20'),
(545, 1, 'Reassessment for the year 2018', '2018-01-29 06:39:21'),
(546, 1, 'Updated Market Value for Coconut Land(agri)', '2018-01-29 06:42:20'),
(547, 1, 'Updated Market Value for Coconut Land(agri)', '2018-01-29 06:42:49'),
(548, 1, 'Updated Market Value for Coconut Land(agri)', '2018-01-29 06:44:52'),
(549, 1, 'Updated Market Value for Coconut Land(agri)', '2018-01-29 06:45:37'),
(550, 0, 'logged in', '2018-01-29 06:46:50'),
(551, 0, 'logged out', '2018-01-29 06:48:41'),
(552, 12, 'logged in', '2018-01-29 06:48:52'),
(553, 1, 'Viewed Assessment Roll', '2018-01-29 06:53:42'),
(554, 1, 'Viewed Assessment Roll', '2018-01-29 06:53:54'),
(555, 1, 'Viewed Quarterly Report', '2018-01-29 06:54:26'),
(556, 1, 'Viewed Quarterly Report', '2018-01-29 06:54:35'),
(557, 1, 'logged out', '2018-01-29 07:15:28'),
(558, 12, 'logged out', '2018-01-29 07:15:36'),
(559, 1, 'logged in', '2018-01-29 10:53:26'),
(560, 1, 'Reassessment for the year 2018', '2018-01-29 10:53:27'),
(561, 1, 'Updated Market Value for commercial(land)', '2018-01-29 10:54:09'),
(562, 1, 'Updated Market Value for commercial(land)', '2018-01-29 10:55:17'),
(563, 1, 'Updated Market Value for commercial(land)', '2018-01-29 10:57:20'),
(564, 1, 'Updated Market Value for commercial(land)', '2018-01-29 10:57:30'),
(565, 1, 'Updated Market Value for Abaca (per group)(plantation)', '2018-01-29 10:59:04'),
(566, 1, 'Added Market value for V and One-Family Dwelling', '2018-01-29 11:02:08'),
(567, 1, 'Viewed Assessment Roll', '2018-01-29 12:49:45'),
(568, 1, 'Viewed Assessment Roll', '2018-01-29 12:49:53'),
(569, 1, 'Viewed Assessment Roll', '2018-01-29 12:50:12'),
(570, 0, 'logged in', '2018-01-30 13:14:32'),
(571, 0, 'logged out', '2018-01-30 13:29:57'),
(572, 1, 'logged in', '2018-01-30 14:18:49'),
(573, 1, 'Reassessment for the year 2018', '2018-01-30 14:18:51'),
(574, 1, 'Viewed Assessment Roll', '2018-01-30 14:19:13'),
(575, 1, 'Viewed Assessment Roll', '2018-01-30 14:19:23'),
(576, 1, 'Viewed Assessment Roll', '2018-01-30 14:19:34'),
(577, 1, 'Viewed Quarterly Report', '2018-01-30 14:19:47'),
(578, 1, 'Viewed Quarterly Report', '2018-01-30 14:19:54'),
(579, 1, 'Viewed Quarterly Report', '2018-01-30 14:20:19'),
(580, 1, 'Viewed Quarterly Report', '2018-01-30 14:20:35'),
(581, 1, 'Viewed Quarterly Report', '2018-01-30 14:20:48'),
(582, 1, 'Viewed Quarterly Report', '2018-01-30 14:25:22'),
(583, 1, 'Viewed Quarterly Report', '2018-01-30 14:25:32'),
(584, 1, 'Viewed Quarterly Report', '2018-01-30 14:28:23'),
(585, 1, 'Viewed Quarterly Report', '2018-01-30 14:28:28'),
(586, 1, 'Viewed Quarterly Report', '2018-01-30 14:29:06'),
(587, 1, 'Viewed Quarterly Report', '2018-01-30 14:30:09'),
(588, 1, 'Viewed Quarterly Report', '2018-01-30 14:30:14'),
(589, 1, 'Viewed Quarterly Report', '2018-01-30 14:30:21'),
(590, 12, 'logged in', '2018-01-30 23:35:18'),
(591, 12, 'logged out', '2018-01-30 23:40:27'),
(592, 1, 'logged in', '2018-01-30 23:40:35'),
(593, 1, 'Reassessment for the year 2018', '2018-01-30 23:40:36'),
(594, 1, 'logged out', '2018-01-31 01:49:54'),
(595, 0, 'logged in', '2018-01-31 01:50:08'),
(596, 0, 'logged in', '2018-02-01 02:17:28'),
(597, 0, 'logged in', '2018-01-31 02:28:24'),
(598, 0, 'logged out', '2018-01-31 02:28:52'),
(599, 1, 'logged in', '2018-01-31 02:29:01'),
(600, 1, 'Reassessment for the year 2018', '2018-01-31 02:29:03'),
(601, 1, 'Viewed Assessment Roll', '2018-01-31 02:33:50'),
(602, 1, 'Viewed Assessment Roll', '2018-01-31 02:34:05'),
(603, 1, 'Viewed Assessment Roll', '2018-01-31 02:34:33'),
(604, 1, 'Viewed Quarterly Report', '2018-01-31 02:35:32'),
(605, 1, 'Viewed Quarterly Report', '2018-01-31 02:35:41'),
(606, 1, 'Viewed Quarterly Report', '2018-01-31 02:35:54'),
(607, 1, 'Viewed Quarterly Report', '2018-01-31 02:36:03'),
(608, 1, 'Viewed Quarterly Report', '2018-01-31 02:36:37'),
(609, 1, 'Viewed Quarterly Report', '2018-01-31 02:36:47'),
(610, 1, 'Viewed Quarterly Report', '2018-01-31 02:36:54'),
(611, 1, 'Viewed Quarterly Report', '2018-01-31 02:41:51'),
(612, 1, 'Viewed Quarterly Report', '2018-01-31 02:42:02'),
(613, 1, 'Viewed Quarterly Report', '2018-01-31 02:42:13'),
(614, 1, 'Viewed Quarterly Report', '2018-01-31 02:42:19'),
(615, 1, 'Viewed Quarterly Report', '2018-01-31 02:45:52'),
(616, 1, 'Viewed Quarterly Report', '2018-01-31 02:46:03'),
(617, 1, 'Viewed Quarterly Report', '2018-01-31 02:46:13'),
(618, 1, 'Viewed Quarterly Report', '2018-01-31 02:55:47'),
(619, 1, 'Viewed Quarterly Report', '2018-01-31 02:56:59'),
(620, 1, 'Viewed Quarterly Report', '2018-01-31 02:58:30'),
(621, 1, 'Viewed Quarterly Report', '2018-01-31 03:00:59'),
(622, 1, 'Viewed Quarterly Report', '2018-01-31 03:01:54'),
(623, 1, 'Viewed Quarterly Report', '2018-01-31 03:02:24'),
(624, 1, 'Viewed Quarterly Report', '2018-01-31 03:02:44'),
(625, 1, 'Viewed Quarterly Report', '2018-01-31 03:03:32'),
(626, 1, 'Viewed Quarterly Report', '2018-01-31 03:03:41'),
(627, 1, 'Viewed Quarterly Report', '2018-01-31 03:03:49'),
(628, 1, 'Viewed Quarterly Report', '2018-01-31 03:04:05'),
(629, 1, 'Viewed Quarterly Report', '2018-01-31 03:07:34'),
(630, 1, 'logged in', '2018-01-31 06:25:40'),
(631, 1, 'Reassessment for the year 2018', '2018-01-31 06:25:41'),
(632, 1, 'Updated property record with PIN: 098-80-898-97-898', '2018-01-31 06:26:08'),
(633, 1, 'Updated property record with PIN: 098-80-898-97-898', '2018-01-31 06:27:35'),
(634, 1, 'Updated property record with PIN: 222-22-222-22-222', '2018-01-31 06:28:53'),
(635, 1, 'Added new land property with PIN: 098-80-987-87-576', '2018-01-31 06:40:33'),
(636, 1, 'Updated property record with PIN: 098-80-987-87-576', '2018-01-31 06:54:21'),
(637, 1, 'logged in', '2018-01-31 14:25:59'),
(638, 1, 'Reassessment for the year 2018', '2018-01-31 14:26:00'),
(639, 1, 'Viewed Assessment Roll', '2018-01-31 14:33:04'),
(640, 1, 'Viewed Assessment Roll', '2018-01-31 14:33:22'),
(641, 1, 'logged out', '2018-01-31 14:34:32'),
(642, 0, 'logged in', '2018-01-31 14:34:40'),
(643, 0, 'logged out', '2018-01-31 14:41:20'),
(644, 1, 'logged in', '2018-01-31 14:41:28'),
(645, 1, 'Reassessment for the year 2018', '2018-01-31 14:41:29'),
(646, 1, 'Viewed Assessment Roll', '2018-01-31 14:41:36'),
(647, 1, 'Viewed Assessment Roll', '2018-01-31 14:41:44'),
(648, 1, 'Viewed Assessment Roll', '2018-01-31 14:41:52'),
(649, 1, 'Viewed Assessment Roll', '2018-01-31 14:41:58'),
(650, 1, 'logged out', '2018-01-31 14:55:28'),
(651, 1, 'logged in', '2018-01-31 19:43:46'),
(652, 1, 'Reassessment for the year 2018', '2018-01-31 19:43:47'),
(653, 1, 'logged out', '2018-01-31 21:05:49'),
(654, 12, 'logged in', '2018-01-31 21:08:48'),
(655, 12, 'logged out', '2018-01-31 21:11:27'),
(656, 0, 'logged in', '2018-01-31 21:11:46'),
(657, 0, 'logged out', '2018-01-31 21:14:04'),
(658, 0, 'logged in', '2018-02-05 00:52:38'),
(659, 0, 'logged out', '2018-02-05 00:58:26'),
(660, 1, 'logged in', '2018-02-05 00:58:35'),
(661, 1, 'logged out', '2018-02-05 01:03:15'),
(662, 12, 'logged in', '2018-02-05 04:21:08'),
(663, 12, 'Changed Password', '2018-02-05 04:31:14'),
(664, 12, 'logged out', '2018-02-05 04:38:16'),
(665, 12, 'logged in', '2018-02-05 04:39:29'),
(666, 12, 'logged out', '2018-02-05 04:40:29'),
(667, 1, 'logged in', '2018-02-05 06:21:10'),
(668, 1, 'Viewed Assessment Roll', '2018-02-05 06:21:19'),
(669, 1, 'Viewed Assessment Roll', '2018-02-05 06:21:28'),
(670, 1, 'Viewed Quarterly Report', '2018-02-05 06:23:01'),
(671, 1, 'logged in', '2018-02-06 12:34:19'),
(672, 1, 'logged out', '2018-02-06 13:06:52'),
(673, 0, 'logged in', '2018-02-06 13:07:07'),
(674, 0, 'logged out', '2018-02-06 13:10:48'),
(675, 1, 'logged in', '2018-02-06 13:10:58'),
(676, 1, 'logged out', '2018-02-06 13:15:44'),
(677, 12, 'logged in', '2018-02-06 13:17:01'),
(678, 12, 'logged out', '2018-02-06 13:41:54'),
(679, 1, 'logged in', '2018-02-06 13:42:01'),
(680, 1, 'Updated Market Value for Coconut Land(agri)', '2018-02-06 13:42:16'),
(681, 1, 'Updated Market Value for Coconut Land(agri)', '2018-02-06 13:43:34'),
(682, 1, 'Updated Market Value for Coconut Land(agri)', '2018-02-06 13:44:00'),
(683, 1, 'Updated Market Value for Coconut Land(agri)', '2018-02-06 13:46:15'),
(684, 1, 'Updated Market Value for Coconut Land(agri)', '2018-02-06 13:46:56'),
(685, 1, 'Updated Market Value for Coconut Land(agri)', '2018-02-06 13:47:09'),
(686, 1, 'Updated Market Value for Coconut Land(agri)', '2018-02-06 13:50:12'),
(687, 1, 'Updated Market Value for Coconut Land(agri)', '2018-02-06 13:50:28'),
(688, 1, 'Updated Market Value for Coconut Land(agri)', '2018-02-06 13:54:31'),
(689, 1, 'logged in', '2018-02-06 13:55:52'),
(690, 1, 'Updated Market Value for Coconut Land(agri)', '2018-02-06 13:56:04'),
(691, 1, 'Updated Market Value for Coconut Land(agri)', '2018-02-06 14:01:25'),
(692, 1, 'Updated Market Value for Coconut Land(agri)', '2018-02-06 14:09:47'),
(693, 1, 'Updated Market Value for Coconut Land(agri)', '2018-02-06 14:10:10'),
(694, 1, 'Updated Market Value for Coconut Land(agri)', '2018-02-06 14:10:49'),
(695, 1, 'Updated Market Value for Coconut Land(agri)', '2018-02-06 14:11:29'),
(696, 1, 'Updated Market Value for Coconut Land(agri)', '2018-02-06 14:12:00'),
(697, 1, 'Updated Market Value for Coconut Land(agri)', '2018-02-06 14:13:25'),
(698, 1, 'Updated Market Value for Coconut Land(agri)', '2018-02-06 14:14:44'),
(699, 1, 'Updated Market Value for Coconut Land(agri)', '2018-02-06 14:25:59'),
(700, 1, 'Updated Market Value for Coconut Land(agri)', '2018-02-06 14:26:22'),
(701, 1, 'Updated Market Value for Coconut Land(agri)', '2018-02-06 14:27:43'),
(702, 1, 'Updated Market Value for Coconut Land(agri)', '2018-02-06 14:28:04'),
(703, 1, 'Updated Market Value for Coconut Land(agri)', '2018-02-06 14:29:34'),
(704, 1, 'Updated Market Value for Coconut Land(agri)', '2018-02-06 14:29:56'),
(705, 1, 'Updated Market Value for Coconut Land(agri)', '2018-02-06 14:30:14'),
(706, 1, 'logged out', '2018-02-06 14:32:10'),
(707, 12, 'logged in', '2018-02-06 14:32:24'),
(708, 1, 'Updated Market Value for Coconut Land(agri)', '2018-02-06 14:53:36'),
(709, 1, 'Updated Market Value for Coconut Land(agri)', '2018-02-06 14:54:43'),
(710, 1, 'Updated Market Value for Coconut Land(agri)', '2018-02-06 14:55:55'),
(711, 1, 'Updated Market Value for Coconut Land(agri)', '2018-02-06 14:56:58'),
(712, 1, 'Updated Market Value for Coconut Land(agri)', '2018-02-06 14:57:25'),
(713, 1, 'Updated Market Value for Coconut Land(agri)', '2018-02-06 14:59:42'),
(714, 1, 'Updated Market Value for (building)', '2018-02-06 15:43:21'),
(715, 1, 'Updated Market Value for (building)', '2018-02-06 15:44:06'),
(716, 12, 'logged out', '2018-02-06 15:45:43'),
(717, 24, 'logged in', '2018-02-06 15:48:03'),
(718, 1, 'logged out', '2018-02-06 15:56:07'),
(719, 1, 'logged out', '2018-02-06 15:56:07'),
(720, 0, 'logged in', '2018-02-06 15:56:18'),
(721, 0, 'Accepted tax payment with PIN: 789-79-798-98-988', '2018-02-06 15:57:23'),
(722, 0, 'logged out', '2018-02-06 15:57:46'),
(723, 1, 'logged in', '2018-02-06 15:57:54'),
(724, 1, 'Updated Market Value for (building)', '2018-02-06 16:01:21'),
(725, 1, 'Updated Market Value for commercial(land)', '2018-02-06 16:16:40'),
(726, 1, 'Updated Market Value for commercial(land)', '2018-02-06 16:17:11'),
(727, 1, 'Updated Market Value for commercial(land)', '2018-02-06 16:18:20'),
(728, 24, 'logged out', '2018-02-06 16:20:53'),
(729, 25, 'logged in', '2018-02-06 16:21:09'),
(730, 1, 'Updated Market Value for commercial(land)', '2018-02-06 16:23:37'),
(731, 1, 'Updated Market Value for (building)', '2018-02-06 16:31:06'),
(732, 1, 'Updated Market Value for (building)', '2018-02-06 16:32:26'),
(733, 1, 'Updated Market Value for (building)', '2018-02-06 16:32:40'),
(734, 1, 'logged out', '2018-02-06 16:33:03'),
(735, 0, 'logged in', '2018-02-06 16:33:15'),
(736, 0, 'Accepted tax payment with PIN: 789-79-798-98-988', '2018-02-06 16:33:42'),
(737, 25, 'logged out', '2018-02-06 16:34:04'),
(738, 24, 'logged in', '2018-02-06 16:34:17'),
(739, 0, 'logged out', '2018-02-06 16:34:29'),
(740, 1, 'logged in', '2018-02-06 16:34:40'),
(741, 1, 'Updated Market Value for (building)', '2018-02-06 16:34:57'),
(742, 1, 'Updated Market Value for commercial(land)', '2018-02-06 16:45:06'),
(743, 1, 'Updated Market Value for commercial(land)', '2018-02-06 16:45:29'),
(744, 1, 'Updated Market Value for commercial(land)', '2018-02-06 16:47:59'),
(745, 1, 'Updated Market Value for commercial(land)', '2018-02-06 16:49:25'),
(746, 17, 'logged in', '2018-02-07 09:08:58'),
(747, 17, 'logged out', '2018-02-07 09:16:52'),
(748, 1, 'logged in', '2018-02-07 09:20:15'),
(749, 1, 'Updated Market Value for commercial(land)', '2018-02-07 09:22:26'),
(750, 1, 'Updated Revision to Array', '2018-02-07 09:27:55'),
(751, 1, 'Increased Market Values to 5%', '2018-02-07 09:29:00'),
(752, 1, 'Added new user: windie', '2018-02-07 09:36:25'),
(753, 1, 'Changed role to treasurer', '2018-02-07 09:36:42'),
(754, 1, 'Replied to a feedback from owner', '2018-02-07 09:44:35'),
(755, 1, 'Updated Site Details', '2018-02-07 09:49:59'),
(756, 1, 'Updated Discount Percentage', '2018-02-07 09:50:40'),
(757, 1, 'Viewed Assessment Roll', '2018-02-07 09:51:15'),
(758, 1, 'Viewed Assessment Roll', '2018-02-07 09:51:24'),
(759, 1, 'Viewed Assessment Roll', '2018-02-07 09:51:33'),
(760, 1, 'Viewed Quarterly Report', '2018-02-07 09:51:44'),
(761, 1, 'logged out', '2018-02-07 09:51:58'),
(762, 17, 'logged in', '2018-02-07 10:50:26'),
(763, 17, 'logged out', '2018-02-07 10:50:47'),
(764, 1, 'logged in', '2018-02-07 10:51:18'),
(765, 1, 'logged out', '2018-02-07 10:53:02'),
(766, 17, 'logged in', '2018-02-07 10:54:11'),
(767, 17, 'logged out', '2018-02-07 10:55:04'),
(768, 1, 'logged in', '2018-02-07 10:55:13'),
(769, 1, 'Replied to a feedback from owner: sam edit s. samedit', '2018-02-07 13:18:34'),
(770, 1, 'logged out', '2018-02-07 14:03:03'),
(771, 1, 'logged in', '2018-02-07 14:03:12'),
(772, 0, 'logged in', '2018-02-08 10:47:21'),
(773, 0, 'logged out', '2018-02-08 10:47:37'),
(774, 0, 'logged in', '2018-02-08 10:48:56'),
(775, 0, 'Accepted tax payment with PIN: 555-55-555-55-555', '2018-02-08 10:50:38'),
(776, 0, 'logged out', '2018-02-08 10:53:40'),
(777, 17, 'logged in', '2018-02-08 10:56:13'),
(778, 17, 'Changed Password', '2018-02-08 11:01:05'),
(779, 1, 'logged in', '2018-02-09 20:32:22'),
(780, 1, 'logged out', '2018-02-09 20:32:38'),
(781, 12, 'logged in', '2018-02-09 20:43:05'),
(782, 12, 'Changed Password', '2018-02-09 20:52:14'),
(783, 12, 'Changed Password', '2018-02-09 20:53:10'),
(784, 12, 'logged out', '2018-02-09 20:53:34'),
(785, 1, 'logged in', '2018-02-09 20:53:44'),
(786, 12, 'logged in', '2018-02-09 20:54:33'),
(787, 1, 'Updated Market Value for Coconut Land(agri)', '2018-02-09 20:55:00'),
(788, 1, 'Increased Market Values to 5%', '2018-02-09 20:59:16'),
(789, 1, 'Viewed Assessment Roll', '2018-02-09 20:59:47'),
(790, 1, 'Updated Market Value for Coconut Land(agri)', '2018-02-09 21:05:07'),
(791, 12, 'logged in', '2018-02-10 00:30:07'),
(792, 12, 'logged out', '2018-02-10 00:31:36'),
(793, 1, 'logged in', '2018-02-10 13:17:36'),
(794, 1, 'logged in', '2018-02-11 02:36:41'),
(795, 1, 'logged out', '2018-02-11 02:40:14'),
(796, 0, 'logged in', '2018-02-11 02:40:32'),
(797, 0, 'logged out', '2018-02-11 02:41:43'),
(798, 12, 'logged in', '2018-02-11 02:41:52'),
(799, 12, 'logged out', '2018-02-11 02:45:15'),
(800, 12, 'logged in', '2018-02-12 12:52:00'),
(801, 12, 'logged out', '2018-02-12 12:52:09'),
(802, 12, 'logged in', '2018-02-12 12:55:15'),
(803, 12, 'logged out', '2018-02-12 13:00:13'),
(804, 1, 'logged in', '2018-02-12 13:00:22'),
(805, 1, 'logged out', '2018-02-12 13:05:10'),
(806, 1, 'logged in', '2018-02-12 13:05:35'),
(807, 1, 'New Security question added: What is your favorite pet?', '2018-02-12 14:05:32'),
(808, 1, 'Updated secuurity question now: What is the name of your father??', '2018-02-12 14:08:37'),
(809, 1, 'Updated secuurity question now: What is the name of your mother?', '2018-02-12 14:09:05'),
(810, 1, 'Updated secuurity question now: What is the name of your mother?', '2018-02-12 14:09:53'),
(811, 1, 'Updated secuurity question now: What is the name of your mother?', '2018-02-12 14:10:04'),
(812, 1, 'New Security question added: When is your birthday?', '2018-02-12 14:10:32'),
(813, 1, 'logged out', '2018-02-12 14:10:43'),
(814, 12, 'logged in', '2018-02-12 14:10:59'),
(815, 12, 'Added security question', '2018-02-12 15:05:02'),
(816, 12, 'Updated answer for a security question', '2018-02-12 15:20:01'),
(817, 12, 'Updated answer for a security question', '2018-02-12 15:20:36'),
(818, 12, 'logged out', '2018-02-12 15:20:48'),
(819, 12, 'logged in', '2018-02-12 15:26:48'),
(820, 12, 'logged out', '2018-02-12 15:28:21'),
(821, 17, 'logged in', '2018-02-12 15:28:42'),
(822, 17, 'Added security question', '2018-02-12 15:29:06'),
(823, 17, 'Added security question', '2018-02-12 15:30:23'),
(824, 17, 'logged out', '2018-02-12 15:33:23'),
(825, 17, 'logged in', '2018-02-12 15:33:32'),
(826, 17, 'Updated answer for a security question', '2018-02-12 15:33:50'),
(827, 17, 'logged out', '2018-02-12 15:34:02'),
(828, 12, 'logged in', '2018-02-12 15:34:12'),
(829, 12, 'logged out', '2018-02-12 15:34:17'),
(830, 12, 'logged in', '2018-02-12 15:34:29'),
(831, 12, 'logged out', '2018-02-12 15:35:56'),
(832, 12, 'logged in', '2018-02-12 15:36:13'),
(833, 12, 'logged out', '2018-02-12 15:59:31'),
(834, 17, 'logged in', '2018-02-12 15:59:40'),
(835, 17, 'Updated answer for a security question', '2018-02-12 16:00:27'),
(836, 17, 'logged out', '2018-02-12 16:00:40'),
(837, 12, 'logged in', '2018-02-13 14:10:11'),
(838, 12, 'Added security question', '2018-02-13 14:10:32'),
(839, 12, 'logged out', '2018-02-13 14:10:41'),
(840, 12, 'logged in', '2018-02-13 14:12:26'),
(841, 12, 'Changed Contact Number', '2018-02-13 14:43:39'),
(842, 12, 'Changed Contact Number', '2018-02-13 14:44:27'),
(843, 12, 'Changed Contact Number', '2018-02-13 14:45:49'),
(844, 12, 'logged out', '2018-02-13 14:52:28'),
(845, 0, 'logged in', '2018-02-13 14:53:11'),
(846, 1, 'logged in', '2018-02-13 14:57:37'),
(847, 1, 'Viewed Assessment Roll', '2018-02-13 15:11:31'),
(848, 1, 'Viewed Assessment Roll', '2018-02-13 15:11:40'),
(849, 1, 'New Security question added: Where is your hometown?', '2018-02-13 15:13:20'),
(850, 1, 'logged out', '2018-02-13 15:13:58'),
(851, 0, 'logged in', '2018-02-13 15:16:03'),
(852, 0, 'logged out', '2018-02-13 15:20:37'),
(853, 1, 'logged in', '2018-02-14 01:24:37'),
(854, 1, 'Updated secuurity question now: Who is your favorite teacher in elementary?', '2018-02-14 01:53:31'),
(855, 12, 'logged in', '2018-02-14 11:44:37'),
(856, 12, 'Changed Contact Number', '2018-02-14 11:49:44'),
(857, 12, 'Changed Contact Number', '2018-02-14 11:50:40'),
(858, 12, 'Changed Contact Number', '2018-02-14 11:52:20'),
(859, 12, 'logged in', '2018-02-14 11:54:27'),
(860, 12, 'Changed Contact Number', '2018-02-14 12:04:13'),
(861, 12, 'Changed Contact Number', '2018-02-14 12:11:29'),
(862, 12, 'logged out', '2018-02-14 12:19:49'),
(863, 12, 'logged in', '2018-02-14 12:20:00'),
(864, 12, 'Changed Contact Number', '2018-02-14 12:34:05'),
(865, 12, 'Changed Contact Number', '2018-02-14 12:34:15'),
(866, 12, 'Changed Contact Number', '2018-02-14 12:56:41'),
(867, 12, 'logged out', '2018-02-14 13:10:34'),
(868, 0, 'logged in', '2018-02-14 13:10:44'),
(869, 0, 'logged out', '2018-02-14 13:16:03'),
(870, 0, 'logged in', '2018-02-14 13:38:40'),
(871, 0, 'Added security question', '2018-02-14 13:54:09'),
(872, 0, 'Updated answer for a security question', '2018-02-14 13:54:21'),
(873, 0, 'Updated answer for a security question', '2018-02-14 13:54:34'),
(874, 0, 'Updated answer for a security question', '2018-02-14 13:57:13'),
(875, 0, 'logged out', '2018-02-14 14:00:06'),
(876, 0, 'logged in', '2018-02-14 14:00:18'),
(877, 0, 'Updated answer for a security question', '2018-02-14 14:02:13'),
(878, 0, 'Updated answer for a security question', '2018-02-14 14:03:22'),
(879, 0, 'Added security question', '2018-02-14 14:04:09'),
(880, 0, 'Changed e-mail address', '2018-02-14 14:17:22'),
(881, 0, 'logged out', '2018-02-14 14:18:51'),
(882, 1, 'logged in', '2018-02-14 14:18:54'),
(883, 1, 'Viewed Quarterly Report', '2018-02-14 14:54:38'),
(884, 1, 'Viewed Quarterly Report', '2018-02-14 14:54:42'),
(885, 1, 'Viewed Quarterly Report', '2018-02-14 14:55:39'),
(886, 1, 'Viewed Quarterly Report', '2018-02-14 14:56:12'),
(887, 1, 'Viewed Quarterly Report', '2018-02-14 14:57:13'),
(888, 1, 'Viewed Quarterly Report', '2018-02-14 14:57:27'),
(889, 1, 'Viewed Quarterly Report', '2018-02-14 14:57:49'),
(890, 1, 'Viewed Quarterly Report', '2018-02-14 14:58:21'),
(891, 1, 'Viewed Quarterly Report', '2018-02-14 14:58:50'),
(892, 1, 'Viewed Quarterly Report', '2018-02-14 14:59:08'),
(893, 1, 'Viewed Quarterly Report', '2018-02-14 14:59:25'),
(894, 1, 'Viewed Quarterly Report', '2018-02-14 14:59:54'),
(895, 1, 'Viewed Quarterly Report', '2018-02-14 15:00:00'),
(896, 0, 'logged in', '2018-02-14 15:00:27'),
(897, 1, 'Viewed Quarterly Report', '2018-02-14 15:04:00'),
(898, 1, 'Viewed Quarterly Report', '2018-02-14 15:04:25'),
(899, 0, 'logged in', '2018-02-14 15:05:50'),
(900, 1, 'Viewed Quarterly Report', '2018-02-14 15:06:36'),
(901, 1, 'Viewed Quarterly Report', '2018-02-14 15:06:39'),
(902, 1, 'Change Signatory: ', '2018-02-14 16:30:29'),
(903, 1, 'Change Signatory: ', '2018-02-14 16:30:38'),
(904, 1, 'Change Signatory: ', '2018-02-14 16:31:20'),
(905, 1, 'Change Signatory: ', '2018-02-14 16:31:28'),
(906, 1, 'Change Signatory: ', '2018-02-14 16:31:45'),
(907, 1, 'Change Signatory: ', '2018-02-14 16:35:58'),
(908, 1, 'Change Signatory: ', '2018-02-14 16:41:52'),
(909, 1, 'Changed Password', '2018-02-14 17:02:27'),
(910, 1, 'Changed Password', '2018-02-14 17:13:32'),
(911, 1, 'Changed Password', '2018-02-14 17:13:55'),
(912, 1, 'Changed e-mail address', '2018-02-14 17:16:08'),
(913, 0, 'Changed Password', '2018-02-14 17:24:18'),
(914, 0, 'logged in', '2018-02-18 08:52:36'),
(915, 0, 'logged out', '2018-02-18 08:54:05'),
(916, 1, 'logged in', '2018-02-18 08:54:18'),
(917, 1, 'Updated secuurity question now: ', '2018-02-18 08:57:21'),
(918, 0, 'logged out', '2018-02-18 09:26:10'),
(919, 1, 'logged in', '2018-02-18 09:26:18'),
(920, 1, 'logged in', '2018-04-30 10:32:19'),
(921, 1, 'Viewed Assessment Roll', '2018-04-30 10:33:48'),
(922, 1, 'Viewed Quarterly Report', '2018-04-30 10:34:03'),
(923, 1, 'Viewed Quarterly Report', '2018-04-30 10:34:03'),
(924, 1, 'logged out', '2018-04-30 10:34:28'),
(925, 0, 'logged in', '2018-04-30 10:34:47'),
(926, 0, 'logged out', '2018-04-30 10:37:10');

-- --------------------------------------------------------

--
-- Table structure for table `tbl_adjustments`
--

CREATE TABLE `tbl_adjustments` (
  `appraisal_id` int(11) NOT NULL,
  `pin` varchar(30) NOT NULL,
  `adj_loc` int(11) NOT NULL,
  `adj_road` int(11) NOT NULL,
  `adj_value` double NOT NULL
) ENGINE=InnoDB DEFAULT CHARSET=latin1;

-- --------------------------------------------------------

--
-- Table structure for table `tbl_answers`
--

CREATE TABLE `tbl_answers` (
  `id` int(11) NOT NULL,
  `user_id` int(11) NOT NULL,
  `q_id` int(11) NOT NULL,
  `answer` varchar(250) NOT NULL
) ENGINE=InnoDB DEFAULT CHARSET=latin1;

--
-- Dumping data for table `tbl_answers`
--

INSERT INTO `tbl_answers` (`id`, `user_id`, `q_id`, `answer`) VALUES
(1, 12, 1, 'tatatatata'),
(2, 12, 2, 'secret'),
(4, 17, 4, 'cat'),
(5, 17, 1, 'mama'),
(6, 0, 1, 'tatatata'),
(7, 0, 6, 'Tacloban City');

-- --------------------------------------------------------

--
-- Table structure for table `tbl_appraisal`
--

CREATE TABLE `tbl_appraisal` (
  `appraisal_id` int(11) NOT NULL,
  `pin` varchar(50) NOT NULL,
  `appraised_value` double NOT NULL,
  `base_value` double DEFAULT NULL,
  `date_appraised` date NOT NULL,
  `arp_no` varchar(30) DEFAULT NULL,
  `tax_dec` varchar(30) DEFAULT NULL,
  `used_life` int(11) DEFAULT NULL,
  `economic_life` int(11) DEFAULT NULL,
  `revision` smallint(6) NOT NULL
) ENGINE=InnoDB DEFAULT CHARSET=latin1;

--
-- Dumping data for table `tbl_appraisal`
--

INSERT INTO `tbl_appraisal` (`appraisal_id`, `pin`, `appraised_value`, `base_value`, `date_appraised`, `arp_no`, `tax_dec`, `used_life`, `economic_life`, `revision`) VALUES
(1, '989-77-768-77-767', 47185, NULL, '2017-10-01', NULL, NULL, NULL, NULL, 13),
(2, '123-34-456-64-646', 94370, NULL, '2017-10-01', NULL, NULL, NULL, NULL, 13),
(3, '847-58-456-47-648', 113244, NULL, '2017-10-01', NULL, NULL, NULL, NULL, 13),
(4, '998-78-876-76-768', 63000, NULL, '2017-10-01', NULL, NULL, NULL, NULL, 13),
(5, '999-98-687-76-878', 45000, NULL, '2017-10-01', NULL, NULL, NULL, NULL, 13),
(7, '111-11-111-11-111', 99999, NULL, '2017-10-02', NULL, NULL, NULL, NULL, 13),
(8, '222-22-222-22-222', 180000, 90, '2017-10-02', NULL, NULL, NULL, NULL, 13),
(9, '333-33-333-33-333', 103920, NULL, '2017-10-02', NULL, NULL, NULL, NULL, 13),
(10, '555-55-555-55-555', 377480, 188.74, '2017-10-03', NULL, NULL, NULL, NULL, 13),
(11, '787-96-748-78-833', 20040, NULL, '2017-10-22', NULL, NULL, NULL, NULL, 13),
(12, '889-78-089-09-099', 13210, 148.45, '2017-11-25', NULL, NULL, NULL, NULL, 13),
(13, '889-78-089-09-095', 11580, NULL, '2017-11-25', NULL, NULL, NULL, NULL, 13),
(15, '789-79-798-98-988', 600000, 6000, '2017-12-19', NULL, NULL, NULL, NULL, 13),
(18, '098-80-898-97-898', 9000, 90, '2018-01-06', '0001', '00-00000-00012', NULL, NULL, 13),
(20, '111-11-111-11-111', 100000, 90, '2018-01-06', NULL, '00-00000-00014', NULL, NULL, 13),
(21, '123-34-456-64-646', 94370, 188.74, '2018-01-06', NULL, '00-00000-0002', NULL, NULL, 13),
(22, '222-22-222-22-222', 180000, 90, '2018-01-06', NULL, '00-00000-0009', NULL, NULL, 13),
(23, '333-33-333-33-333', 109110.76801282, 218.22153602564, '2018-01-06', NULL, '00-00000-00011', NULL, NULL, 13),
(24, '555-55-555-55-555', 377480, 188.74, '2018-01-06', NULL, '00-00000-00016', NULL, NULL, 13),
(25, '787-96-748-78-833', 10000, 100, '2018-01-06', NULL, '00-00000-0007', NULL, NULL, 13),
(26, '789-79-798-98-988', 610000, 6100, '2018-01-06', NULL, '00-00000-0005', NULL, NULL, 13),
(27, '847-58-456-47-648', 113244, 188.74, '2018-01-06', NULL, '00-00000-0003', NULL, NULL, 13),
(28, '889-78-089-09-095', 11580, 148.45, '2018-01-06', NULL, '00-00000-0008', NULL, NULL, 13),
(29, '889-78-089-09-099', 13210, 148.45, '2018-01-06', NULL, '00-00000-00010', NULL, NULL, 13),
(30, '989-77-768-77-767', 47185, 188.74, '2018-01-06', NULL, '00-00000-00015', NULL, NULL, 13),
(31, '998-78-876-76-768', 133605, 148.45, '2018-01-06', NULL, '00-00000-0004', NULL, NULL, 13),
(32, '999-98-687-76-878', 18874, 188.74, '2018-01-06', NULL, '00-00000-00013', NULL, NULL, 13),
(33, '098-80-898-97-898', 9000, 90, '2017-11-22', '0001', '00-00000-00012', NULL, NULL, 13),
(34, '897-45-898-08-547', 450000, 500000, '2018-01-31', NULL, '00-00000-0006', 2, 20, 13),
(35, '098-80-987-87-576', 28800, 300, '2018-01-31', NULL, '00-00000-0001', NULL, NULL, 13);

-- --------------------------------------------------------

--
-- Table structure for table `tbl_assessment`
--

CREATE TABLE `tbl_assessment` (
  `assess_id` int(11) NOT NULL,
  `appraisal_id` int(11) NOT NULL,
  `assessment_value` double NOT NULL,
  `assess_level` smallint(6) NOT NULL
) ENGINE=InnoDB DEFAULT CHARSET=latin1;

--
-- Dumping data for table `tbl_assessment`
--

INSERT INTO `tbl_assessment` (`assess_id`, `appraisal_id`, `assessment_value`, `assess_level`) VALUES
(1, 1, 4450, 20),
(2, 2, 890, 20),
(3, 3, 10680, 20),
(4, 4, 12600, 20),
(5, 5, 9000, 20),
(7, 7, 39999.6, 40),
(8, 8, 72000, 40),
(9, 9, 51960, 50),
(10, 10, 75496, 20),
(11, 11, 10020, 50),
(12, 12, 2642, 20),
(13, 13, 2316, 20),
(15, 15, 150000, 25),
(16, 18, 3600, 40),
(17, 20, 40000, 40),
(18, 21, 18874, 20),
(19, 22, 72000, 40),
(20, 23, 54555.38400641, 50),
(21, 24, 75496, 20),
(22, 25, 5000, 50),
(23, 26, 152500, 25),
(24, 27, 22648.8, 20),
(25, 28, 2315.82, 20),
(26, 29, 2642, 20),
(27, 30, 9437, 20),
(28, 31, 26721, 20),
(29, 32, 3774.8, 20),
(30, 34, 360000, 80),
(31, 35, 14400, 50);

-- --------------------------------------------------------

--
-- Table structure for table `tbl_barangay`
--

CREATE TABLE `tbl_barangay` (
  `brgy_id` varchar(3) NOT NULL,
  `barangay_name` varchar(150) NOT NULL
) ENGINE=InnoDB DEFAULT CHARSET=latin1;

--
-- Dumping data for table `tbl_barangay`
--

INSERT INTO `tbl_barangay` (`brgy_id`, `barangay_name`) VALUES
('001', 'Brgy. III Bonifacio St. Tabontabon, Leyte'),
('002', 'Brgy. IV McArthur St. Tabontabon, Leyte'),
('003', 'Brgy. II Quezon St. Tabontabon, Leyte'),
('004', 'Brgy. I Rizal St. Tabontabon, Leyte'),
('005', 'Brgy. Amandangay Tabontabon, Leyte'),
('006', 'Brgy. Aslum Tabontabon, Leyte'),
('007', 'Brgy. Balingasag Tabontabon, Leyte'),
('008', 'Brgy. Belisong Tabontabon, Leyte'),
('009', 'Brgy. Cambucao Tabontabon, Leyte'),
('010', 'Brgy. Capahuan Tabontabon, Leyte'),
('011', 'Brgy. Guingauan Tabontabon, Leyte'),
('012', 'Brgy. Jabong Tabontabon, Leyte'),
('013', 'Brgy. Mercaduhay Tabontabon, Leyte'),
('014', 'Brgy. Mering Tabontabon, Leyte'),
('015', 'Brgy. Mohon Tabontabon, Leyte'),
('016', 'Brgy. San Pablo Tabontabon, Leyte');

-- --------------------------------------------------------

--
-- Table structure for table `tbl_boundaries`
--

CREATE TABLE `tbl_boundaries` (
  `pin` varchar(50) NOT NULL,
  `north` varchar(150) NOT NULL,
  `south` varchar(150) NOT NULL,
  `east` varchar(150) NOT NULL,
  `west` varchar(150) NOT NULL
) ENGINE=InnoDB DEFAULT CHARSET=latin1;

--
-- Dumping data for table `tbl_boundaries`
--

INSERT INTO `tbl_boundaries` (`pin`, `north`, `south`, `east`, `west`) VALUES
('098-80-898-97-898', 'north', 'south', 'east', 'west'),
('098-80-987-87-576', '', '', '', ''),
('111-11-111-11-111', '', '', '', ''),
('123-34-456-64-646', 'highway', 'south', 'adad', 'west'),
('222-22-222-22-222', '', '', '', ''),
('333-33-333-33-333', '', '', '', ''),
('555-55-555-55-555', '', '', '', ''),
('787-96-748-78-833', 'highway', 'south', 'east', 'west'),
('847-58-456-47-648', 'highway', 'west', 'east', 'south'),
('889-78-089-09-095', '', '', '', ''),
('889-78-089-09-099', 'northh', '', '', ''),
('989-77-768-77-767', 'north', 'south', 'east', 'west'),
('998-78-876-76-768', 'northh', 's', 'east', 'west'),
('999-98-687-76-878', 'northh', 'south', 'east', 'west');

-- --------------------------------------------------------

--
-- Table structure for table `tbl_discount`
--

CREATE TABLE `tbl_discount` (
  `discount` int(11) NOT NULL
) ENGINE=InnoDB DEFAULT CHARSET=latin1;

--
-- Dumping data for table `tbl_discount`
--

INSERT INTO `tbl_discount` (`discount`) VALUES
(10);

-- --------------------------------------------------------

--
-- Table structure for table `tbl_faq`
--

CREATE TABLE `tbl_faq` (
  `id` int(11) NOT NULL,
  `name` varchar(250) NOT NULL,
  `contact` varchar(250) NOT NULL,
  `faq_date` timestamp NOT NULL DEFAULT CURRENT_TIMESTAMP,
  `question` varchar(250) NOT NULL,
  `answer` varchar(250) NOT NULL
) ENGINE=InnoDB DEFAULT CHARSET=latin1;

-- --------------------------------------------------------

--
-- Table structure for table `tbl_feedback`
--

CREATE TABLE `tbl_feedback` (
  `fb_id` int(11) NOT NULL,
  `owner_id` int(11) DEFAULT NULL,
  `subject` varchar(50) NOT NULL,
  `f_c` text NOT NULL,
  `fb_date` timestamp NOT NULL DEFAULT CURRENT_TIMESTAMP,
  `status` tinyint(1) NOT NULL DEFAULT '0'
) ENGINE=InnoDB DEFAULT CHARSET=latin1;

--
-- Dumping data for table `tbl_feedback`
--

INSERT INTO `tbl_feedback` (`fb_id`, `owner_id`, `subject`, `f_c`, `fb_date`, `status`) VALUES
(2, 2, 'Chaka tat system :D', 'Paupaya pa niyo haha', '2017-10-01 09:01:50', 1),
(3, 2, 'hooooooy', 'butangi na hin reply it useeeeer! Sgeee na!!!!!!!!!!!!!!!!! Dagmit hahaha :D', '2017-10-01 13:24:45', 1),
(4, 10, 'REPLY', 'BUTANGIII NA REPLY :D Para matapos na :D ', '2017-10-01 22:32:10', 1),
(5, 14, 'asdasd', 'Hi! Can I see a fewer details of your property? You can contact my number if its a yes :) Good day! :)', '2017-10-02 21:04:31', 1),
(6, 12, 'sdadasd', 'Hi! Can I see a fewer details of your property? You can contact my number if its a yes :) Good day! :)', '2017-10-02 21:04:56', 1),
(7, 10, 'adasda', 'Hi  sir! :) Take care and Godbless :) ', '2017-10-02 21:06:04', 1),
(8, 17, 'Grrr', 'Y did you accessed my account?', '2017-10-03 02:41:52', 1),
(9, 12, 'hello jghjgjhgjhg', 'loremsd asdsadsads adasds dasdas', '2017-12-20 02:59:33', 1),
(10, 17, 'inquiry', 'ab---====asdjfhjsdkhfkjsdhfshfhjshfjhsjdfhshdfjsdjfkjskfjsdfjkjskfjlll.\r\n', '2018-02-08 10:58:49', 0);

-- --------------------------------------------------------

--
-- Table structure for table `tbl_market_value_update`
--

CREATE TABLE `tbl_market_value_update` (
  `tbl_name` varchar(50) NOT NULL,
  `date_updated` timestamp NOT NULL DEFAULT CURRENT_TIMESTAMP ON UPDATE CURRENT_TIMESTAMP,
  `increase` smallint(6) NOT NULL,
  `revision` smallint(6) NOT NULL
) ENGINE=InnoDB DEFAULT CHARSET=latin1;

--
-- Dumping data for table `tbl_market_value_update`
--

INSERT INTO `tbl_market_value_update` (`tbl_name`, `date_updated`, `increase`, `revision`) VALUES
('tbl_sfmv_agri_land', '2018-02-09 20:59:16', 5, 14),
('tbl_sfmv_improvements', '2017-10-01 05:05:12', 5, 14),
('tbl_sfmv_building', '2017-10-01 04:53:56', 0, 14),
('tbl_sfmv_rci_land', '2017-10-03 02:19:22', 5, 14);

-- --------------------------------------------------------

--
-- Table structure for table `tbl_message`
--

CREATE TABLE `tbl_message` (
  `message_id` int(11) NOT NULL,
  `pin` varchar(50) NOT NULL,
  `owner_id` int(11) DEFAULT NULL,
  `visitor_name` varchar(250) NOT NULL,
  `visitor_contact` varchar(20) NOT NULL,
  `visitor_message` varchar(256) NOT NULL,
  `status` tinyint(1) DEFAULT '0',
  `date_received` timestamp NOT NULL DEFAULT CURRENT_TIMESTAMP
) ENGINE=InnoDB DEFAULT CHARSET=latin1;

--
-- Dumping data for table `tbl_message`
--

INSERT INTO `tbl_message` (`message_id`, `pin`, `owner_id`, `visitor_name`, `visitor_contact`, `visitor_message`, `status`, `date_received`) VALUES
(1, '999-98-687-76-878', 2, 'antonio', '09309993895', 'Hi! just want to inquire if you allow renters on your land?', 1, '2018-02-01 04:34:01'),
(3, '847-58-456-47-648', 8, 'mark', '09099', 'waray la.. gad.....', 0, '2018-02-05 04:34:01'),
(4, '', 2, 'staff', '', 'nim utot!!!! Ikaw gad!!! hahahaha', 1, '2018-02-05 04:34:01'),
(5, '999-98-687-76-878', 2, 'Duhhhhh', '09090606064', 'Qwerttiokjjhshsbsvhshs', 1, '2018-02-05 04:34:01'),
(6, '999-98-687-76-878', 2, 'benson baho', '09355032219', 'sheeeeeeeeeeeeeeeeemay hain itooooo', 1, '2018-02-05 04:34:01'),
(7, '', 2, 'staff', '', 'Chaka kapa gad hahahaha', 1, '2018-01-08 04:34:01'),
(8, '', 2, 'staff', '', 'try ikaw hahaha', 1, '2018-02-05 04:34:01'),
(11, '847-58-456-47-648', 8, 'john metran', '0909767667676', 'okokokok okokokokoko', 0, '2018-02-05 04:34:01'),
(14, '222-22-222-22-222', 12, 'Anton', '09355032219', 'Hi! Can I see a fewer details of your property? You can contact my number if its a yes :) Good day! :)', 1, '2017-12-27 04:34:01'),
(15, '111-11-111-11-111', 10, 'Mark Louven', '09355032219', 'Hi! Can I see a fewer details of your property? You can contact my number if its a yes :) Good day! :)', 0, '2018-02-05 04:34:01'),
(16, '333-33-333-33-333', 14, 'Mark Benson', '09355032219', 'Hi! Can I see a fewer details of your property? You can contact my number if its a yes :) Good day! :)', 0, '2018-01-22 04:34:01'),
(17, '', 14, 'admin', '', 'Hi maam! :)  Good day and God bless! :)', 0, '2018-02-05 04:34:01'),
(18, '', 12, 'admin', '', 'Hi maam! :)  Good day and God bless! :)', 1, '2018-01-14 04:34:01'),
(19, '', 10, 'admin', '', 'Hi  sir! :) Take care and Godbless :) ', 0, '2017-12-27 04:34:01'),
(20, '555-55-555-55-555', 17, 'Mark Benson', '09355032219', 'Hi maam im interested to your property', 1, '2017-12-31 04:34:01'),
(21, '555-55-555-55-555', 17, 'try', '9899', 'ttry try trtr kjfhkg kfgjhk ', 1, '2018-01-24 04:34:01'),
(22, '555-55-555-55-555', 17, 'try', 'try', 'test test test test test ', 1, '2018-01-10 04:34:01'),
(23, '222-22-222-22-222', 12, 'lolo', '0909090909', 'another try :) just try', 1, '2018-02-05 04:38:57'),
(24, '', 2, 'admin', '', 'am sorry', 0, '2018-02-07 09:44:35'),
(25, '', 2, 'admin', '', 'sige gad.. ika wla ayad', 0, '2018-02-07 13:18:34');

-- --------------------------------------------------------

--
-- Table structure for table `tbl_old_contacts`
--

CREATE TABLE `tbl_old_contacts` (
  `id` int(11) NOT NULL,
  `owner_id` int(11) NOT NULL,
  `contact_no` varchar(15) NOT NULL
) ENGINE=InnoDB DEFAULT CHARSET=latin1;

--
-- Dumping data for table `tbl_old_contacts`
--

INSERT INTO `tbl_old_contacts` (`id`, `owner_id`, `contact_no`) VALUES
(3, 12, '09098765432'),
(4, 12, '09123456789'),
(5, 12, '09123456789'),
(6, 12, '988________'),
(7, 12, '09090909090'),
(8, 12, '98798777879'),
(9, 12, '0909_______'),
(10, 12, '90099898909'),
(11, 12, '90900______');

-- --------------------------------------------------------

--
-- Table structure for table `tbl_owner`
--

CREATE TABLE `tbl_owner` (
  `owner_id` int(11) NOT NULL,
  `fname` varchar(250) NOT NULL,
  `mname` varchar(250) NOT NULL,
  `lname` varchar(250) NOT NULL,
  `address` varchar(250) NOT NULL,
  `contact` varchar(30) NOT NULL,
  `email` varchar(250) NOT NULL,
  `beneficial` varchar(250) NOT NULL,
  `ben_add` varchar(250) NOT NULL,
  `ben_tel` varchar(30) NOT NULL
) ENGINE=InnoDB DEFAULT CHARSET=latin1;

--
-- Dumping data for table `tbl_owner`
--

INSERT INTO `tbl_owner` (`owner_id`, `fname`, `mname`, `lname`, `address`, `contact`, `email`, `beneficial`, `ben_add`, `ben_tel`) VALUES
(2, 'sam edit', 'sami', 'samedit', 'tabon', '09908980980', 'sami1@gmail.com', 'kakaw', 'tabon', '0980989'),
(6, 'to', 'tot', 'toy', 'tacloban', '098', '', 'h=asawa ko', 'k;lk;l', '09809809'),
(7, 'tam', 'ban', 'bay', 'tacloban', '98798', '', 'hahah', 'tabon', '098056'),
(8, 'john', 'ju', 'cruz', 'Tanauan Leyte', '988098', '', 'h=asawa ko', 'kjhlkj', ''),
(9, 'joy', 'joy', 'joy', 'haj', '098', '', 'popo', 'jj', '09809'),
(10, 'Eric', 'O.', 'Sta.Singh', 'Tacloban,City', '09123456789', '', '', '', ''),
(12, 'Lyra', 'K.', 'Nuevas', 'Tacloban,City', '09090909090', 'lyranuevas@gmail.com', '', '', ''),
(14, 'Diane', 'B.', 'Remot', 'Tacloban,City', '09098787654', '', '', '', ''),
(17, 'Windie', 'C.', 'Velarde', 'Tacloban City', '09355032219', 'anton.bc0724@gmail.com', '', '', ''),
(18, 'Mark', 'Colens', 'Maraya', 'Secret la', '090099898', '', 'ara', 'mina', '87909809'),
(20, 'Lyra', 'Nevas', 'Nuevas', 'Tacloban City', '909898989', '', 'jghjgkj', 'tabon', '9809809'),
(24, 'Build', 'Echon', 'Last', 'Tacloban City', '89987', 'sami1@gmail.com', 'kakaw', 'tabon', '0980989'),
(25, 'new', 'owner', 'ako', 'Brgy. Tanauan Leyte', '098098879', 'try@mail.com', '', '', ''),
(26, 'windie', 'cerena', 'velarde', 'paloleyte', 'none', 'mawindie.cerena@gmail.com', 'Chris', 'Palo Leyte', '123333333333333333333333333333');

-- --------------------------------------------------------

--
-- Table structure for table `tbl_property_improvements`
--

CREATE TABLE `tbl_property_improvements` (
  `pin` varchar(50) NOT NULL,
  `kind` varchar(100) NOT NULL,
  `total_number` int(11) NOT NULL
) ENGINE=InnoDB DEFAULT CHARSET=latin1;

--
-- Dumping data for table `tbl_property_improvements`
--

INSERT INTO `tbl_property_improvements` (`pin`, `kind`, `total_number`) VALUES
('111-11-111-11-111', 'pl_aba', 600);

-- --------------------------------------------------------

--
-- Table structure for table `tbl_quarterly`
--

CREATE TABLE `tbl_quarterly` (
  `tax_id` int(11) NOT NULL,
  `pin` varchar(50) NOT NULL,
  `quarterly_payment` double NOT NULL,
  `pay_count` int(11) NOT NULL
) ENGINE=InnoDB DEFAULT CHARSET=latin1;

--
-- Dumping data for table `tbl_quarterly`
--

INSERT INTO `tbl_quarterly` (`tax_id`, `pin`, `quarterly_payment`, `pay_count`) VALUES
(11, '787-96-748-78-833', 61.12, 2);

-- --------------------------------------------------------

--
-- Table structure for table `tbl_real_property`
--

CREATE TABLE `tbl_real_property` (
  `pin` varchar(50) NOT NULL,
  `cadastral_lot_no` varchar(50) NOT NULL,
  `type_of_property` varchar(150) NOT NULL,
  `owner_id` int(11) NOT NULL,
  `brgy_id` varchar(3) NOT NULL,
  `area` double NOT NULL,
  `classification` varchar(50) NOT NULL,
  `sub_class` varchar(50) NOT NULL,
  `sub_type` varchar(50) NOT NULL,
  `taxable` varchar(1) NOT NULL
) ENGINE=InnoDB DEFAULT CHARSET=latin1;

--
-- Dumping data for table `tbl_real_property`
--

INSERT INTO `tbl_real_property` (`pin`, `cadastral_lot_no`, `type_of_property`, `owner_id`, `brgy_id`, `area`, `classification`, `sub_class`, `sub_type`, `taxable`) VALUES
('098-80-898-97-898', '4367', 'land', 2, '001', 100, 'agricultural', 'agri_coco', 'first', '1'),
('098-80-987-87-576', '6789', 'land', 25, '013', 96, 'commercial', '', 'third', '1'),
('111-11-111-11-111', '1111', 'land', 10, '001', 1111.1, 'agricultural', 'agri_coco', 'first', '1'),
('123-34-456-64-646', '8888', 'land', 7, '001', 500, 'residential', '', 'first', '1'),
('222-22-222-22-222', '2222', 'land', 12, '015', 2000, 'agricultural', 'agri_coco', 'first', '1'),
('333-33-333-33-333', '3333', 'land', 14, '001', 500, 'industrial', '', 'first', '1'),
('555-55-555-55-555', '5555', 'land', 17, '015', 2000, 'residential', '', 'first', '1'),
('787-96-748-78-833', '7878', 'land', 18, '014', 100, 'commercial', '', 'first', '1'),
('789-79-798-98-988', '', 'building', 24, '013', 100, 'residential', 'I-A-onef', 'I-A', '1'),
('847-58-456-47-648', '2323', 'land', 8, '008', 600, 'residential', '', 'first', '1'),
('889-78-089-09-095', '7676', 'land', 20, '002', 78, 'residential', '', 'second', '1'),
('889-78-089-09-099', '7676', 'land', 12, '001', 89, 'residential', '', 'second', '1'),
('897-45-898-08-547', '', 'machinery', 18, '013', 0, 'agricultural', 'Rice Mill', '', '1'),
('989-77-768-77-767', '8989', 'land', 6, '003', 250, 'residential', '', 'first', '1'),
('998-78-876-76-768', '9889', 'land', 9, '012', 900, 'residential', '', 'second', '1'),
('999-98-687-76-878', '5666', 'land', 2, '007', 100, 'residential', '', 'first', '1');

-- --------------------------------------------------------

--
-- Table structure for table `tbl_security_question`
--

CREATE TABLE `tbl_security_question` (
  `q_id` int(11) NOT NULL,
  `question` text NOT NULL
) ENGINE=InnoDB DEFAULT CHARSET=latin1;

--
-- Dumping data for table `tbl_security_question`
--

INSERT INTO `tbl_security_question` (`q_id`, `question`) VALUES
(1, 'What is the name of your mother?'),
(2, 'Who is your favorite teacher in elementary?'),
(3, '7c222fb2927d828af22f592134e8932480637c0d'),
(4, 'What is your favorite pet?'),
(5, 'When is your birthday?'),
(6, 'Where is your hometown?');

-- --------------------------------------------------------

--
-- Table structure for table `tbl_sfmv_agri_land`
--

CREATE TABLE `tbl_sfmv_agri_land` (
  `agri_id` varchar(15) NOT NULL,
  `agri_land` varchar(250) NOT NULL,
  `first` double NOT NULL,
  `second` double NOT NULL,
  `third` double NOT NULL,
  `revision` smallint(6) NOT NULL
) ENGINE=InnoDB DEFAULT CHARSET=latin1;

--
-- Dumping data for table `tbl_sfmv_agri_land`
--

INSERT INTO `tbl_sfmv_agri_land` (`agri_id`, `agri_land`, `first`, `second`, `third`, `revision`) VALUES
('agri_coco', 'Coconut Land', 90, 89.25, 84, 14),
('agri_corn', 'Corn Land', 149.22299982269, 134.30069984042, 119.37839985815, 14),
('agri_rice_i', 'Rice Land Irrigated', 246.21794970744, 223.83449973404, 193.9898997695, 14),
('agri_sugar', 'Sugar Land', 244.65, 117.6, 442.05, 14);

-- --------------------------------------------------------

--
-- Table structure for table `tbl_sfmv_agri_land_hx`
--

CREATE TABLE `tbl_sfmv_agri_land_hx` (
  `agri_id` varchar(20) NOT NULL,
  `agri_land` varchar(250) NOT NULL,
  `first` double NOT NULL,
  `second` double NOT NULL,
  `third` double NOT NULL,
  `revision` smallint(6) NOT NULL
) ENGINE=InnoDB DEFAULT CHARSET=latin1;

--
-- Dumping data for table `tbl_sfmv_agri_land_hx`
--

INSERT INTO `tbl_sfmv_agri_land_hx` (`agri_id`, `agri_land`, `first`, `second`, `third`, `revision`) VALUES
('agri_coco', 'Coconut Land', 90, 89, 85, 12),
('agri_corn', 'Corn Land', 142.11714268828, 127.90542841945, 113.69371415062, 12),
('agri_rice_i', 'Rice Land Irrigated', 234.49328543566, 213.17571403242, 184.75228549476, 12),
('agri_sugar', 'Sugar Land', 233, 112, 421, 12);

-- --------------------------------------------------------

--
-- Table structure for table `tbl_sfmv_building`
--

CREATE TABLE `tbl_sfmv_building` (
  `sbuv_id` varchar(15) NOT NULL,
  `building_type` varchar(10) NOT NULL,
  `name_building` varchar(250) NOT NULL,
  `value` double NOT NULL,
  `revision` smallint(6) NOT NULL
) ENGINE=InnoDB DEFAULT CHARSET=latin1;

--
-- Dumping data for table `tbl_sfmv_building`
--

INSERT INTO `tbl_sfmv_building` (`sbuv_id`, `building_type`, `name_building`, `value`, `revision`) VALUES
('I-A-movie', 'I-A', 'Movie Theater', 8000, 14),
('I-A-mult', 'I-A', 'Two Family Dwelling/Multiple Dwelling', 6700, 14),
('I-A-onef', 'I-A', 'One-Family Dwelling', 6100, 14),
('I-B-mult', 'I-B', 'Two Family Dwelling/Multiple Dwelling', 6500, 14),
('I-C-hosb', 'I-C', 'Hotel Office School Building', 27, 14),
('V-onef', 'V', 'One-Family Dwelling', 300, 14);

-- --------------------------------------------------------

--
-- Table structure for table `tbl_sfmv_building_hx`
--

CREATE TABLE `tbl_sfmv_building_hx` (
  `sbuv_id` varchar(20) NOT NULL,
  `building_type` varchar(10) NOT NULL,
  `name_building` varchar(250) NOT NULL,
  `value` double NOT NULL,
  `revision` smallint(6) NOT NULL
) ENGINE=InnoDB DEFAULT CHARSET=latin1;

--
-- Dumping data for table `tbl_sfmv_building_hx`
--

INSERT INTO `tbl_sfmv_building_hx` (`sbuv_id`, `building_type`, `name_building`, `value`, `revision`) VALUES
('I-A-movie', 'I-A', 'Movie Theater', 8000, 12),
('I-A-mult', 'I-A', 'Two Family Dwelling/Multiple Dwelling', 6700, 12),
('I-A-onef', 'I-A', 'One-Family Dwelling', 6000, 12),
('I-B-mult', 'I-B', 'Two Family Dwelling/Multiple Dwelling', 6500, 12),
('I-C-hosb', 'I-C', 'Hotel Office School Building', 27, 12);

-- --------------------------------------------------------

--
-- Table structure for table `tbl_sfmv_improvements`
--

CREATE TABLE `tbl_sfmv_improvements` (
  `plant_id` varchar(15) NOT NULL,
  `kind` varchar(250) NOT NULL,
  `value` double NOT NULL,
  `revision` smallint(6) NOT NULL
) ENGINE=InnoDB DEFAULT CHARSET=latin1;

--
-- Dumping data for table `tbl_sfmv_improvements`
--

INSERT INTO `tbl_sfmv_improvements` (`plant_id`, `kind`, `value`, `revision`) VALUES
('pl_aba', 'Abaca (per group)', 1283.1, 14),
('pl_avo', 'Avocado', 104.7375, 14),
('pl_chi', 'Chico', 10.5, 14);

-- --------------------------------------------------------

--
-- Table structure for table `tbl_sfmv_improvements_hx`
--

CREATE TABLE `tbl_sfmv_improvements_hx` (
  `plant_id` varchar(20) NOT NULL,
  `kind` varchar(250) NOT NULL,
  `value` double NOT NULL,
  `revision` smallint(6) NOT NULL
) ENGINE=InnoDB DEFAULT CHARSET=latin1;

--
-- Dumping data for table `tbl_sfmv_improvements_hx`
--

INSERT INTO `tbl_sfmv_improvements_hx` (`plant_id`, `kind`, `value`, `revision`) VALUES
('pl_aba', 'Abaca (per group)', 93.45, 12),
('pl_avo', 'Avocado', 99.75, 12),
('pl_chi', 'Chico', 10, 12);

-- --------------------------------------------------------

--
-- Table structure for table `tbl_sfmv_rci_land`
--

CREATE TABLE `tbl_sfmv_rci_land` (
  `rci_id` varchar(15) NOT NULL,
  `kind` varchar(15) NOT NULL,
  `first` double NOT NULL,
  `second` double NOT NULL,
  `third` double NOT NULL,
  `fourth` double NOT NULL,
  `fifth` double NOT NULL,
  `revision` smallint(6) NOT NULL
) ENGINE=InnoDB DEFAULT CHARSET=latin1;

--
-- Dumping data for table `tbl_sfmv_rci_land`
--

INSERT INTO `tbl_sfmv_rci_land` (`rci_id`, `kind`, `first`, `second`, `third`, `fourth`, `fifth`, `revision`) VALUES
('Land_Com', 'commercial', 100, 200, 300, 400, 500, 14),
('Land_Ind', 'industrial', 218.22153602564, 213.76803529041, 209.31453455518, 178.14002940868, 173.68652867346, 14),
('Land_Res', 'residential', 188.74, 148.45, 39, 26, 5, 14);

-- --------------------------------------------------------

--
-- Table structure for table `tbl_sfmv_rci_land_hx`
--

CREATE TABLE `tbl_sfmv_rci_land_hx` (
  `rci_id` varchar(50) NOT NULL,
  `kind` varchar(15) NOT NULL,
  `first` double NOT NULL,
  `second` double NOT NULL,
  `third` double NOT NULL,
  `fourth` double NOT NULL,
  `fifth` double NOT NULL,
  `revision` smallint(6) NOT NULL
) ENGINE=InnoDB DEFAULT CHARSET=latin1;

--
-- Dumping data for table `tbl_sfmv_rci_land_hx`
--

INSERT INTO `tbl_sfmv_rci_land_hx` (`rci_id`, `kind`, `first`, `second`, `third`, `fourth`, `fifth`, `revision`) VALUES
('Land_Com', 'Commercial', 200.40753308474, 178.14002940868, 155.87252573258, 133.6050220565, 111.33751838041, 12),
('Land_Ind', 'Industrial', 218.22153602564, 213.76803529041, 209.31453455518, 178.14002940868, 173.68652867346, 12),
('Land_Res', 'Residential', 188.74, 148.45, 0, 0, 5, 12),
('Land_Com', 'Commercial', 200.40753308474, 178.14002940868, 155.87252573258, 133.6050220565, 111.33751838041, 12),
('Land_Ind', 'Industrial', 218.22153602564, 213.76803529041, 209.31453455518, 178.14002940868, 173.68652867346, 12),
('Land_Res', 'Residential', 188.74, 148.45, 0, 0, 5, 12);

-- --------------------------------------------------------

--
-- Table structure for table `tbl_signatories`
--

CREATE TABLE `tbl_signatories` (
  `id` tinyint(4) NOT NULL,
  `staff_id` tinyint(4) NOT NULL,
  `report_name` varchar(50) NOT NULL,
  `status` tinyint(4) NOT NULL DEFAULT '1'
) ENGINE=InnoDB DEFAULT CHARSET=latin1;

--
-- Dumping data for table `tbl_signatories`
--

INSERT INTO `tbl_signatories` (`id`, `staff_id`, `report_name`, `status`) VALUES
(1, 1, 'quarterly report', 1),
(2, -3, 'tax reports', 1);

-- --------------------------------------------------------

--
-- Table structure for table `tbl_site_details`
--

CREATE TABLE `tbl_site_details` (
  `municipality` varchar(100) NOT NULL,
  `province` varchar(100) NOT NULL,
  `contact` varchar(30) NOT NULL,
  `email` varchar(100) NOT NULL,
  `vision` text NOT NULL,
  `mission` text NOT NULL,
  `description` text NOT NULL,
  `logo` varchar(250) NOT NULL
) ENGINE=InnoDB DEFAULT CHARSET=latin1;

--
-- Dumping data for table `tbl_site_details`
--

INSERT INTO `tbl_site_details` (`municipality`, `province`, `contact`, `email`, `vision`, `mission`, `description`, `logo`) VALUES
('Tabontabon', 'Leyte', '632-0909', 'tabon.assess@gmail.com', 'The LGU, with the active peoples participation, shall provide adequate means to sustainable support to improve the quality of life of its constituents and achieves its vision.', 'TABONTABON is home to morally upright, healthy and empowered citizenry living in a clean, green and safe environment with self-sufficient economy under the stewardship of educated innovative responsive and transparent leadership.', 'This system iAssess: Municipal Assessor''s Integrated App, is a web application for real property Appraisal, Assessment and Taxation System to help the office run the errands faster and efficient. The system intent to provide both the office and its clienteles to information dissemination as to the interest of both parties\r\n', 'images-1.jpg');

-- --------------------------------------------------------

--
-- Table structure for table `tbl_staff`
--

CREATE TABLE `tbl_staff` (
  `id` int(11) NOT NULL,
  `staff_id` int(11) NOT NULL,
  `fname` varchar(250) NOT NULL,
  `mname` varchar(250) NOT NULL,
  `lname` varchar(250) NOT NULL,
  `email` varchar(150) NOT NULL,
  `position` varchar(50) NOT NULL
) ENGINE=InnoDB DEFAULT CHARSET=latin1;

--
-- Dumping data for table `tbl_staff`
--

INSERT INTO `tbl_staff` (`id`, `staff_id`, `fname`, `mname`, `lname`, `email`, `position`) VALUES
(1, -2, 'lilia', 'echon', 'logronio', '', ''),
(2, -1, 'Sinia', 'C.', 'Calibo', '', ''),
(3, 0, 'Jan', 'C.', 'Cruz', 'test1@test1.com', 'Municipal Treasurer'),
(4, 1, 'Felix', 'M.', 'Maruya Jr. REA', 'test@tester.com', 'OIC- Municipal Assessor'),
(5, -3, 'windie', 'cerena', 'velarde', '', 'OIC - Treasurer');

-- --------------------------------------------------------

--
-- Table structure for table `tbl_tax`
--

CREATE TABLE `tbl_tax` (
  `tax_id` int(11) NOT NULL,
  `assess_id` int(11) NOT NULL,
  `tax_amount` double NOT NULL,
  `due_date` date NOT NULL,
  `status` tinyint(4) NOT NULL DEFAULT '0',
  `payment_type` text NOT NULL
) ENGINE=InnoDB DEFAULT CHARSET=latin1;

--
-- Dumping data for table `tbl_tax`
--

INSERT INTO `tbl_tax` (`tax_id`, `assess_id`, `tax_amount`, `due_date`, `status`, `payment_type`) VALUES
(1, 1, 89, '2017-01-31', 0, '0'),
(2, 2, 17.8, '2017-01-31', 2, 'yearly'),
(3, 3, 213.6, '2017-01-31', 2, 'yearly'),
(4, 4, 252, '2017-01-31', 2, 'yearly'),
(5, 5, 180, '2017-01-31', 0, '0'),
(7, 7, 1123.704, '2017-01-31', 2, 'yearly'),
(8, 8, 1440, '2017-01-31', 2, 'yearly'),
(9, 9, 1039.2, '2017-01-31', 2, 'yearly'),
(10, 10, 1509.92, '2017-01-31', 2, 'yearly'),
(11, 11, 200.4, '2017-01-31', 1, 'quarterly'),
(12, 12, 52.84, '2017-01-31', 2, 'yearly'),
(13, 13, 52.84, '2017-01-31', 0, '0'),
(15, 15, 3000, '2017-01-31', 2, 'yearly'),
(16, 16, 72, '2018-01-31', 0, '0'),
(17, 17, 800, '2018-01-31', 0, '0'),
(18, 18, 377.48, '2018-01-31', 0, '0'),
(19, 19, 1440, '2018-01-31', 0, '0'),
(20, 20, 1091.1076801282, '2018-01-31', 0, '0'),
(21, 21, 1509.92, '2018-01-31', 2, 'yearly'),
(22, 22, 100, '2018-01-31', 0, '0'),
(23, 23, 3050, '2018-01-31', 0, '0'),
(24, 24, 452.976, '2018-01-31', 0, '0'),
(25, 25, 46.3164, '2018-01-31', 0, '0'),
(26, 26, 2958, '2018-01-31', 2, 'yearly'),
(27, 27, 188.74, '2018-01-31', 0, '0'),
(28, 28, 534.42, '2018-01-31', 0, '0'),
(29, 29, 75.496, '2018-01-31', 0, '0'),
(30, 30, 7200, '2018-01-31', 0, '0'),
(31, 31, 288, '2018-01-31', 0, '0');

-- --------------------------------------------------------

--
-- Table structure for table `tbl_tax_payment`
--

CREATE TABLE `tbl_tax_payment` (
  `or_no` int(11) NOT NULL,
  `tax_id` int(11) NOT NULL,
  `pin` varchar(50) NOT NULL,
  `amount_received` double NOT NULL,
  `pay_date` datetime NOT NULL DEFAULT CURRENT_TIMESTAMP,
  `month_delinquency` tinyint(4) NOT NULL,
  `penalty_amount` double NOT NULL,
  `staff_id` int(11) NOT NULL
) ENGINE=InnoDB DEFAULT CHARSET=latin1;

--
-- Dumping data for table `tbl_tax_payment`
--

INSERT INTO `tbl_tax_payment` (`or_no`, `tax_id`, `pin`, `amount_received`, `pay_date`, `month_delinquency`, `penalty_amount`, `staff_id`) VALUES
(1, 10, '555-55-555-55-555', 1509.92, '2017-03-15 00:00:00', 11, 332.18, 0),
(3, 7, '111-11-111-11-111', 1123.704, '2017-03-15 11:25:40', 11, 247.21, 0),
(5, 11, '787-96-748-78-833', 61.12, '2017-03-15 00:00:00', 0, 0, 0),
(6, 11, '787-96-748-78-833', 61.12, '2017-04-20 14:26:29', 0, 0, 0),
(7, 8, '222-22-222-22-222', 1756.8, '2017-02-15 10:00:00', 11, 316.8, 0),
(8, 2, '123-34-456-64-646', 21.72, '2017-02-15 03:19:20', 11, 3.92, 0),
(9, 3, '847-58-456-47-648', 260.59, '0000-00-00 00:00:00', 11, 46.99, 0),
(10, -15, '789-79-798-98-988', 3608.76, '2017-12-14 10:32:29', 11, 650.76, 0),
(11, 9, '333-33-333-33-333', 1267.82, '2017-12-20 00:00:00', 11, 228.62, 0),
(12, 4, '998-78-876-76-768', 312.48, '2018-01-07 13:26:31', 12, 60.48, 0),
(14, 12, '889-78-089-09-099', 67.63, '2018-03-31 10:39:38', 14, 14.8, 0),
(15, 26, '889-78-089-09-099', 44.91, '2018-03-31 06:23:33', 0, 0, 0),
(16, 15, '789-79-798-98-988', 3780, '2018-02-06 00:00:00', 13, 780, 0),
(17, 21, '555-55-555-55-555', 1358.93, '2018-02-08 00:00:00', 0, 0, 0);

-- --------------------------------------------------------

--
-- Table structure for table `tbl_user`
--

CREATE TABLE `tbl_user` (
  `user_id` int(11) NOT NULL,
  `user_name` varchar(250) NOT NULL,
  `password` varchar(250) NOT NULL,
  `user_type` varchar(30) NOT NULL,
  `active` varchar(1) NOT NULL,
  `token` text NOT NULL,
  `rsq` tinyint(4) DEFAULT '0'
) ENGINE=InnoDB DEFAULT CHARSET=latin1;

--
-- Dumping data for table `tbl_user`
--

INSERT INTO `tbl_user` (`user_id`, `user_name`, `password`, `user_type`, `active`, `token`, `rsq`) VALUES
(1, 'admin', 'd033e22ae348aeb5660fc2140aec35850c4da997', 'admin', '1', '', 0),
(2, 'sam.sam', '7c222fb2927d828af22f592134e8932480637c0d', 'owner', '1', '1086de8bd4801ef2214285e1bcba6112a49a2bea', 0),
(6, 'to.toy', '7c222fb2927d828af22f592134e8932480637c0d', 'owner', '1', '', 0),
(7, 'tam.bay', '7c222fb2927d828af22f592134e8932480637c0d', 'owner', '1', '', 0),
(8, 'john.cruz', '7c222fb2927d828af22f592134e8932480637c0d', 'owner', '1', '', 0),
(9, 'joy.joy', '7c222fb2927d828af22f592134e8932480637c0d', 'owner', '0', '', 0),
(0, 'treasurer', '4b631f2e707953a1e67f3bcd8fab6d29f57506f5', 'treasurer', '1', 'a6ad00ac113a19d953efb91820d8788e2263b28a', 0),
(-1, 'staff', '6ccb4b7c39a6e77f76ecfa935a855c6c46ad5611', 'staff', '1', '', 0),
(10, 'eric.sta.singh', '7c222fb2927d828af22f592134e8932480637c0d', 'owner', '1', '', 0),
(12, 'lyra.nuevas', '71976d780f07b6ca245869748d2a4a89ad0c0176', 'owner', '1', '', 0),
(14, 'diane.remot', '7c222fb2927d828af22f592134e8932480637c0d', 'owner', '1', '', 0),
(17, 'windie.velarde', 'b0399d2029f64d445bd131ffaa399a42d2f8e7dc', 'owner', '1', '5c25ecab31a3ddc155bdd5f58fe943b1ecfc9a6b', 0),
(-2, 'lilia.logronio', '7c222fb2927d828af22f592134e8932480637c0d', 'staff', '1', '', 0),
(18, 'Mark.Maraya.833', '7c222fb2927d828af22f592134e8932480637c0d', 'owner', '1', '', 0),
(20, 'lyra.nuevas.095', '7c222fb2927d828af22f592134e8932480637c0d', 'owner', '1', '', 0),
(24, 'build.last.988', '7c222fb2927d828af22f592134e8932480637c0d', 'owner', '1', '1086de8bd4801ef2214285e1bcba6112a49a2bea', 0),
(25, 'new.ako', '7c222fb2927d828af22f592134e8932480637c0d', 'owner', '1', 'da39a3ee5e6b4b0d3255bfef95601890afd80709', 0),
(-3, 'windie', 'e898e93e07153ce2b46b70751fae6522213c67f4', 'treasurer', '1', '', 0);

--
-- Indexes for dumped tables
--

--
-- Indexes for table `tbl_activity_logs`
--
ALTER TABLE `tbl_activity_logs`
  ADD PRIMARY KEY (`activity_id`);

--
-- Indexes for table `tbl_answers`
--
ALTER TABLE `tbl_answers`
  ADD PRIMARY KEY (`id`);

--
-- Indexes for table `tbl_appraisal`
--
ALTER TABLE `tbl_appraisal`
  ADD PRIMARY KEY (`appraisal_id`);

--
-- Indexes for table `tbl_assessment`
--
ALTER TABLE `tbl_assessment`
  ADD PRIMARY KEY (`assess_id`);

--
-- Indexes for table `tbl_barangay`
--
ALTER TABLE `tbl_barangay`
  ADD PRIMARY KEY (`brgy_id`);

--
-- Indexes for table `tbl_boundaries`
--
ALTER TABLE `tbl_boundaries`
  ADD PRIMARY KEY (`pin`);

--
-- Indexes for table `tbl_faq`
--
ALTER TABLE `tbl_faq`
  ADD PRIMARY KEY (`id`);

--
-- Indexes for table `tbl_feedback`
--
ALTER TABLE `tbl_feedback`
  ADD PRIMARY KEY (`fb_id`);

--
-- Indexes for table `tbl_message`
--
ALTER TABLE `tbl_message`
  ADD PRIMARY KEY (`message_id`);

--
-- Indexes for table `tbl_old_contacts`
--
ALTER TABLE `tbl_old_contacts`
  ADD PRIMARY KEY (`id`);

--
-- Indexes for table `tbl_owner`
--
ALTER TABLE `tbl_owner`
  ADD PRIMARY KEY (`owner_id`);

--
-- Indexes for table `tbl_real_property`
--
ALTER TABLE `tbl_real_property`
  ADD PRIMARY KEY (`pin`);

--
-- Indexes for table `tbl_security_question`
--
ALTER TABLE `tbl_security_question`
  ADD PRIMARY KEY (`q_id`);

--
-- Indexes for table `tbl_sfmv_agri_land`
--
ALTER TABLE `tbl_sfmv_agri_land`
  ADD PRIMARY KEY (`agri_id`);

--
-- Indexes for table `tbl_sfmv_building`
--
ALTER TABLE `tbl_sfmv_building`
  ADD PRIMARY KEY (`sbuv_id`);

--
-- Indexes for table `tbl_sfmv_improvements`
--
ALTER TABLE `tbl_sfmv_improvements`
  ADD PRIMARY KEY (`plant_id`);

--
-- Indexes for table `tbl_sfmv_rci_land`
--
ALTER TABLE `tbl_sfmv_rci_land`
  ADD PRIMARY KEY (`rci_id`);

--
-- Indexes for table `tbl_signatories`
--
ALTER TABLE `tbl_signatories`
  ADD PRIMARY KEY (`id`);

--
-- Indexes for table `tbl_staff`
--
ALTER TABLE `tbl_staff`
  ADD PRIMARY KEY (`id`);

--
-- Indexes for table `tbl_tax`
--
ALTER TABLE `tbl_tax`
  ADD PRIMARY KEY (`tax_id`);

--
-- Indexes for table `tbl_tax_payment`
--
ALTER TABLE `tbl_tax_payment`
  ADD PRIMARY KEY (`or_no`);

--
-- AUTO_INCREMENT for dumped tables
--

--
-- AUTO_INCREMENT for table `tbl_activity_logs`
--
ALTER TABLE `tbl_activity_logs`
  MODIFY `activity_id` int(11) NOT NULL AUTO_INCREMENT, AUTO_INCREMENT=927;
--
-- AUTO_INCREMENT for table `tbl_answers`
--
ALTER TABLE `tbl_answers`
  MODIFY `id` int(11) NOT NULL AUTO_INCREMENT, AUTO_INCREMENT=8;
--
-- AUTO_INCREMENT for table `tbl_appraisal`
--
ALTER TABLE `tbl_appraisal`
  MODIFY `appraisal_id` int(11) NOT NULL AUTO_INCREMENT, AUTO_INCREMENT=36;
--
-- AUTO_INCREMENT for table `tbl_assessment`
--
ALTER TABLE `tbl_assessment`
  MODIFY `assess_id` int(11) NOT NULL AUTO_INCREMENT, AUTO_INCREMENT=32;
--
-- AUTO_INCREMENT for table `tbl_faq`
--
ALTER TABLE `tbl_faq`
  MODIFY `id` int(11) NOT NULL AUTO_INCREMENT;
--
-- AUTO_INCREMENT for table `tbl_feedback`
--
ALTER TABLE `tbl_feedback`
  MODIFY `fb_id` int(11) NOT NULL AUTO_INCREMENT, AUTO_INCREMENT=11;
--
-- AUTO_INCREMENT for table `tbl_message`
--
ALTER TABLE `tbl_message`
  MODIFY `message_id` int(11) NOT NULL AUTO_INCREMENT, AUTO_INCREMENT=26;
--
-- AUTO_INCREMENT for table `tbl_old_contacts`
--
ALTER TABLE `tbl_old_contacts`
  MODIFY `id` int(11) NOT NULL AUTO_INCREMENT, AUTO_INCREMENT=12;
--
-- AUTO_INCREMENT for table `tbl_owner`
--
ALTER TABLE `tbl_owner`
  MODIFY `owner_id` int(11) NOT NULL AUTO_INCREMENT, AUTO_INCREMENT=27;
--
-- AUTO_INCREMENT for table `tbl_security_question`
--
ALTER TABLE `tbl_security_question`
  MODIFY `q_id` int(11) NOT NULL AUTO_INCREMENT, AUTO_INCREMENT=7;
--
-- AUTO_INCREMENT for table `tbl_signatories`
--
ALTER TABLE `tbl_signatories`
  MODIFY `id` tinyint(4) NOT NULL AUTO_INCREMENT, AUTO_INCREMENT=3;
--
-- AUTO_INCREMENT for table `tbl_staff`
--
ALTER TABLE `tbl_staff`
  MODIFY `id` int(11) NOT NULL AUTO_INCREMENT, AUTO_INCREMENT=6;
--
-- AUTO_INCREMENT for table `tbl_tax`
--
ALTER TABLE `tbl_tax`
  MODIFY `tax_id` int(11) NOT NULL AUTO_INCREMENT, AUTO_INCREMENT=32;
--
-- AUTO_INCREMENT for table `tbl_tax_payment`
--
ALTER TABLE `tbl_tax_payment`
  MODIFY `or_no` int(11) NOT NULL AUTO_INCREMENT, AUTO_INCREMENT=18;
/*!40101 SET CHARACTER_SET_CLIENT=@OLD_CHARACTER_SET_CLIENT */;
/*!40101 SET CHARACTER_SET_RESULTS=@OLD_CHARACTER_SET_RESULTS */;
/*!40101 SET COLLATION_CONNECTION=@OLD_COLLATION_CONNECTION */;
